0.193359375,-0.094726563,0.985351563,-0.244140625,-0.671386719,-0.48828125,-6.278686523,-12.06298828,-120.1025391,0.1546875,-0.07578125,0.78828125,0.038671875,-0.018945313,0.197070313,0.070800781,0.109375,0.990234375,-1.037597656,0.244140625,-0.122070313,5.361328125,-3.658447266,-140.256958,0.056640625,0.0875,0.7921875,0.014160156,0.021875,0.198046875,-0.05859375,-0.181640625,0.985351563,-0.122070313,0.244140625,0,-10.53039551,3.411254883,-92.15332031,-0.046875,-0.1453125,0.78828125,-0.01171875,-0.036328125,0.197070313
0.193359375,-0.094726563,0.985351563,-0.244140625,-0.671386719,-0.48828125,-6.278686523,-12.06298828,-120.1025391,0.12375,-0.060625,0.630625,0.069609375,-0.034101563,0.354726563,0.070800781,0.109375,0.990234375,-1.037597656,0.244140625,-0.122070313,5.361328125,-3.658447266,-140.256958,0.0453125,0.07,0.63375,0.025488281,0.039375,0.356484375,-0.05859375,-0.181640625,0.985351563,-0.122070313,0.244140625,0,-10.53039551,3.411254883,-92.15332031,-0.0375,-0.11625,0.630625,-0.02109375,-0.065390625,0.354726563
0.184570313,-0.111816406,0.984863281,-0.427246094,0,-2.380371094,-6.273193359,-12.04650879,-120.1574707,0.09196875,-0.062171875,0.504109375,0.092601563,-0.049644531,0.480753906,0.057128906,0.094238281,0.98828125,-0.915527344,0.122070313,-1.647949219,5.311889648,-3.630981445,-140.2459717,0.0253125,0.043890625,0.5054375,0.031816406,0.050347656,0.48284375,-0.05859375,-0.181640625,0.985351563,-0.122070313,0.244140625,0,-10.53039551,3.411254883,-92.15332031,-0.03,-0.093,0.5045,-0.02859375,-0.088640625,0.480851563
0.195800781,-0.110839844,0.978027344,-0.549316406,-0.061035156,-0.854492188,-6.295166016,-12.0300293,-120.1519775,0.082559375,-0.04895625,0.39781875,0.113241406,-0.061883594,0.580208594,0.059082031,0.09375,0.990722656,-0.610351563,0.061035156,-0.793457031,5.289916992,-3.619995117,-140.2514648,0.0218125,0.034721875,0.406303125,0.037269531,0.059028125,0.584419531,-0.060058594,-0.184082031,0.982421875,-1.098632813,0.305175781,-0.061035156,-10.59631348,3.444213867,-92.16430664,-0.025171875,-0.076353125,0.40125625,-0.034886719,-0.107728906,0.581165625
0.193847656,-0.099609375,0.983398438,-1.037597656,0,-0.915527344,-6.366577148,-11.98059082,-120.1904297,0.064485,-0.030180625,0.322551875,0.129362656,-0.06942875,0.660846563,0.059082031,0.093261719,0.989257813,-0.244140625,-0.183105469,-1.46484375,5.262451172,-3.598022461,-140.2954102,0.01745,0.027386875,0.323870625,0.041632031,0.065874844,0.665387188,-0.060058594,-0.185546875,0.981445313,-0.48828125,0.122070313,0,-10.6842041,3.466186523,-92.1697998,-0.0201375,-0.062254375,0.32022375,-0.039921094,-0.1232925,0.661221563
0.192382813,-0.09765625,0.982910156,-1.342773438,-0.122070313,-0.549316406,-6.405029297,-11.95861816,-120.1739502,0.050416125,-0.022582,0.257650875,0.141966688,-0.07507425,0.725259281,0.061035156,0.100585938,0.990722656,-0.610351563,-0.244140625,-1.403808594,5.251464844,-3.598022461,-140.3118896,0.0155225,0.027768875,0.260268375,0.045512656,0.072817063,0.730454281,-0.060546875,-0.186523438,0.981933594,-0.305175781,0.061035156,0,-10.72265625,3.477172852,-92.18078613,-0.016500625,-0.05058475,0.256569625,-0.04404625,-0.135938688,0.725363969
0.191894531,-0.100097656,0.983886719,-1.403808594,-0.122070313,-0.061035156,-6.50390625,-11.89819336,-120.1904297,0.039942275,-0.020018725,0.20690195,0.151952256,-0.080078931,0.776984769,0.064453125,0.1015625,0.989257813,-0.9765625,-0.305175781,-1.46484375,5.207519531,-3.609008789,-140.3613281,0.015152375,0.02299635,0.207042825,0.04930075,0.07856615,0.782214988,-0.060546875,-0.187011719,0.980957031,-0.610351563,0.244140625,-0.061035156,-10.7611084,3.493652344,-92.18078613,-0.0132005,-0.040858425,0.20447445,-0.047346375,-0.146153294,0.776482581
0.192382813,-0.103515625,0.981933594,-1.098632813,-0.122070313,-1.342773438,-6.542358398,-11.88171387,-120.1904297,0.032344445,-0.018749355,0.16395906,0.160038368,-0.08476627,0.817974534,0.063476563,0.094238281,0.990234375,-1.403808594,-0.183105469,-0.854492188,5.119628906,-3.630981445,-140.4327393,0.01134065,0.012537705,0.16641551,0.052135913,0.081700576,0.823818865,-0.061035156,-0.187011719,0.98046875,-0.48828125,0.244140625,0,-10.79956055,3.510131836,-92.1862793,-0.010951025,-0.03268674,0.163188935,-0.050084131,-0.154324979,0.817279815
0.194824219,-0.111328125,0.979492188,-0.610351563,-0.183105469,-0.122070313,-6.608276367,-11.85974121,-120.1629639,0.027828681,-0.021249484,0.129214123,0.166995538,-0.090078641,0.850278065,0.060546875,0.089355469,0.991210938,-0.671386719,0,-0.244140625,5.031738281,-3.636474609,-140.4162598,0.00672877,0.006123914,0.133913658,0.053818105,0.083231555,0.85729728,-0.062011719,-0.187988281,0.979492188,-0.122070313,0.122070313,0,-10.8215332,3.521118164,-92.19177246,-0.00954207,-0.026930642,0.129769898,-0.052469649,-0.161057639,0.84972229
0.194824219,-0.111328125,0.979492188,-0.610351563,-0.183105469,-0.122070313,-6.608276367,-11.85974121,-120.1629639,0.022262945,-0.016999587,0.103371298,0.172561274,-0.094328538,0.876120889,0.0625,0.089355469,0.989746094,-0.305175781,-0.122070313,-0.366210938,5.009765625,-3.636474609,-140.3997803,0.006945516,0.004899131,0.105959051,0.055554484,0.084456338,0.883787042,-0.061523438,-0.187988281,0.979980469,-0.061035156,0,0,-10.83251953,3.526611328,-92.19726563,-0.007243031,-0.021544514,0.104206543,-0.054280407,-0.166443768,0.875773925
0.194824219,-0.111328125,0.979492188,-0.610351563,-0.183105469,-0.122070313,-6.608276367,-11.85974121,-120.1629639,0.017810356,-0.01359967,0.082697039,0.177013863,-0.097728455,0.896795149,0.0625,0.089355469,0.989746094,-0.305175781,-0.122070313,-0.366210938,5.009765625,-3.636474609,-140.3997803,0.005556413,0.003919305,0.084767241,0.056943587,0.085436164,0.904978853,-0.061523438,-0.187988281,0.979980469,-0.061035156,0,0,-10.83251953,3.526611328,-92.19726563,-0.005794425,-0.017235611,0.083365235,-0.055729013,-0.17075267,0.896615234
0.190429688,-0.114746094,0.980957031,-0.671386719,-0.366210938,0.366210938,-6.641235352,-11.84875488,-120.1464844,0.01073266,-0.013614111,0.067329506,0.179697028,-0.101131983,0.913627525,0.0625,0.092773438,0.991699219,-0.122070313,-0.305175781,-0.915527344,5.031738281,-3.647460938,-140.3942871,0.00444513,0.005869819,0.069376293,0.05805487,0.086903619,0.922322926,-0.061523438,-0.187988281,0.98046875,0,0,0,-10.83251953,3.521118164,-92.19726563,-0.00463554,-0.013788489,0.067082813,-0.056887898,-0.174199793,0.913385937
0.182617188,-0.114257813,0.983886719,-0.610351563,-0.244140625,-0.671386719,-6.668701172,-11.82678223,-120.1190186,0.002336128,-0.010500664,0.056207355,0.18028106,-0.103757149,0.927679364,0.062011719,0.088867188,0.9921875,-0.244140625,-0.122070313,-0.48828125,5.026245117,-3.658447266,-140.3723145,0.003165479,0.001570855,0.055891659,0.05884624,0.087296332,0.936295841,-0.060546875,-0.187988281,0.980957031,-0.122070313,0.061035156,0,-10.8380127,3.521118164,-92.19726563,-0.002927182,-0.011030791,0.054056875,-0.057619693,-0.17695749,0.926900156
0.1875,-0.108886719,0.983886719,-0.244140625,-0.549316406,-0.427246094,-6.668701172,-11.82678223,-120.1629639,0.005775152,-0.004103656,0.044965884,0.181724848,-0.104783063,0.938920835,0.062988281,0.097167969,0.990722656,-0.305175781,-0.122070313,-0.671386719,5.026245117,-3.66394043,-140.3503418,0.003313633,0.007897309,0.043541452,0.059674648,0.08927066,0.947181204,-0.061035156,-0.187988281,0.98046875,-0.122070313,0.061035156,0,-10.84350586,3.526611328,-92.20275879,-0.00273237,-0.008824633,0.042854875,-0.058302786,-0.179163648,0.937613875
0.18359375,-0.104980469,0.984863281,-0.427246094,-0.427246094,-0.305175781,-6.6796875,-11.81030273,-120.1190186,0.001495122,-0.000157925,0.036753957,0.182098628,-0.104822544,0.948109324,0.0625,0.096679688,0.991699219,-0.122070313,-0.183105469,-0.671386719,5.031738281,-3.66394043,-140.322876,0.002260282,0.005927222,0.035614412,0.060239718,0.090752465,0.956084807,-0.061523438,-0.187988281,0.981445313,0,0,0,-10.84899902,3.526611328,-92.20825195,-0.002576521,-0.007059706,0.03506515,-0.058946916,-0.180928575,0.946380162
0.192382813,-0.10546875,0.981445313,-0.48828125,-0.305175781,-1.831054688,-6.6796875,-11.81030273,-120.1135254,0.008227347,-0.000516965,0.026668791,0.184155465,-0.104951785,0.954776522,0.062011719,0.094726563,0.989746094,-0.183105469,-0.183105469,-1.220703125,5.037231445,-3.66394043,-140.3283691,0.0014176,0.003179278,0.02692903,0.060594118,0.091547285,0.962817064,-0.060546875,-0.1875,0.981445313,0,0,0,-10.84899902,3.526611328,-92.20275879,-0.001279967,-0.00525714,0.02805212,-0.059266908,-0.18224286,0.953393192
0.210449219,-0.092773438,0.977050781,-0.793457031,0,-2.807617188,-6.657714844,-11.80480957,-120.1629639,0.021035003,0.009742678,0.017819408,0.189414216,-0.102516116,0.959231374,0.127441406,0.115722656,0.982910156,1.098632813,-0.549316406,2.685546875,5.042724609,-3.71887207,-140.3778076,0.05347783,0.019340297,0.016074474,0.073963576,0.096382359,0.966835683,-0.061523438,-0.188964844,0.993652344,-0.244140625,0.793457031,0.244140625,-10.84899902,3.532104492,-92.20825195,-0.001805224,-0.005377587,0.032207321,-0.059718214,-0.183587257,0.961445023
0.266113281,-0.116210938,0.960449219,0,0.305175781,-5.126953125,-6.613769531,-11.86523438,-120.3277588,0.061359252,-0.010955857,0.000974276,0.204754029,-0.10525508,0.959474943,0.127441406,0.115722656,0.982910156,1.098632813,-0.549316406,2.685546875,5.042724609,-3.71887207,-140.3778076,0.042782264,0.015472238,0.012859579,0.084659142,0.100250418,0.970050577,-0.065429688,-0.187988281,0.989746094,0.183105469,2.868652344,0.915527344,-10.86547852,3.625488281,-92.19726563,-0.004569179,-0.00352082,0.022640857,-0.060860509,-0.184467462,0.967105237
0.154785156,-0.099121094,1.005859375,6.713867188,-7.690429688,3.051757813,-6.273193359,-12.42553711,-120.6298828,-0.039975098,0.004907189,0.037107546,0.194760254,-0.104028283,0.968751829,0.184570313,0.177246094,0.99609375,4.272460938,-2.197265625,12.45117188,5.229492188,-3.927612305,-140.1855469,0.079928936,0.06159654,0.020834538,0.104641376,0.115649553,0.975259212,-0.062011719,-0.196777344,0.976074219,-5.554199219,8.7890625,1.46484375,-10.96435547,3.927612305,-92.1862793,-0.000920968,-0.009847906,0.007175185,-0.061090751,-0.186929438,0.968899033
0.154785156,-0.099121094,1.005859375,6.713867188,-7.690429688,3.051757813,-6.273193359,-12.42553711,-120.6298828,-0.031980079,0.003925751,0.029686037,0.186765235,-0.103046845,0.976173338,-0.009277344,0.069824219,0.993652344,0.9765625,-2.563476563,18.24951172,5.267944336,-4.141845703,-137.9608154,-0.091134976,-0.036660268,0.014714506,0.081857632,0.106484487,0.978937838,-0.087402344,-0.194335938,0.954101563,-3.967285156,8.544921875,1.831054688,-11.21154785,4.372558594,-92.19726563,-0.021049275,-0.0059252,-0.011837977,-0.066353069,-0.188410738,0.965939539
0.104980469,-0.126464844,0.996582031,0.9765625,-7.507324219,8.178710938,-6.212768555,-12.58483887,-119.8937988,-0.065427813,-0.018734399,0.016326954,0.170408282,-0.107730445,0.980255077,-0.009277344,0.069824219,0.993652344,0.9765625,-2.563476563,18.24951172,5.267944336,-4.141845703,-137.9608154,-0.072907981,-0.029328214,0.011771604,0.063630637,0.099152433,0.981880739,-0.083496094,-0.198730469,0.966308594,-3.540039063,-1.220703125,-0.915527344,-11.40380859,4.5703125,-92.21923828,-0.01371442,-0.008255785,0.000295244,-0.069781674,-0.190474684,0.96601335
0.161132813,-0.096191406,0.998046875,-6.225585938,-2.380371094,1.953125,-6.619262695,-12.67272949,-119.4049072,-0.007420375,0.009231231,0.014233438,0.168553188,-0.105422637,0.983813437,-0.012207031,0.047363281,0.988769531,2.624511719,-5.004882813,-0.793457031,5.240478516,-4.21875,-137.5598145,-0.060670135,-0.041431321,0.005511034,0.048463103,0.088794603,0.983258498,-0.083984375,-0.200683594,0.9609375,-2.258300781,-5.249023438,-1.892089844,-11.56311035,4.411010742,-92.26867676,-0.011362161,-0.008167128,-0.00406068,-0.072622214,-0.192516466,0.96499818
0.192382813,-0.120117188,0.982421875,-3.662109375,-4.821777344,3.112792969,-6.877441406,-12.76062012,-119.196167,0.0190637,-0.01175564,-0.001113249,0.173319113,-0.108361547,0.983535124,0.069824219,0.025878906,0.987304688,5.920410156,-10.55908203,-0.671386719,5.701904297,-5.185546875,-138.0322266,0.017088892,-0.050332557,0.003236952,0.052735326,0.076211463,0.984067736,-0.064941406,-0.203613281,0.982421875,1.647949219,-2.380371094,-0.122070313,-11.59057617,3.922119141,-92.27966309,0.006144646,-0.008877452,0.013938956,-0.071086053,-0.194735829,0.968482919
0.11328125,-0.296875,1.003417969,-13.24462891,-1.46484375,16.72363281,-8.003540039,-12.83752441,-118.2403564,-0.04803029,-0.150810762,0.015906276,0.16131154,-0.146064238,0.987511693,0.033691406,-0.116699219,0.969238281,30.88378906,-15.99121094,15.07568359,6.311645508,-5.811767578,-137.7740479,-0.015235136,-0.154328546,-0.011863564,0.048926542,0.037629327,0.981101845,-0.072265625,-0.204101563,0.974609375,2.868652344,-1.281738281,0,-11.3873291,3.823242188,-92.2467041,-0.000943658,-0.007492587,0.004901165,-0.071321967,-0.196608976,0.96970821
0.294433594,-0.397949219,1.301269531,-58.41064453,28.86962891,4.150390625,-14.28771973,-10.03601074,-113.9666748,0.106497643,-0.201507985,0.25100627,0.187935951,-0.196441234,1.050263261,0.063964844,-0.04296875,1.296386719,74.70703125,-26.30615234,39.79492188,11.04125977,-8.23425293,-135.0604248,0.012030641,-0.064478462,0.252227899,0.051934203,0.021509712,1.04415882,0.13671875,-0.316894531,0.999511719,46.20361328,-17.76123047,55.05371094,-9.898681641,3.1640625,-91.31835938,0.166432574,-0.096228444,0.023842807,-0.029713824,-0.220666087,0.975668912
0.313476563,-0.160644531,0.8984375,-61.95068359,18.00537109,31.12792969,-17.91320801,-9.277954102,-113.9007568,0.100432489,0.028637362,-0.121460609,0.213044073,-0.189281893,1.019898109,0.132324219,0.134277344,0.970214844,20.32470703,18.43261719,13.73291016,16.05651855,-8.772583008,-132.7587891,0.064312013,0.090214106,-0.059155181,0.068012206,0.044063238,1.029370024,-0.551757813,-0.486816406,1.599121094,94.97070313,-101.0131836,51.57470703,-5.289916992,0.812988281,-87.49511719,-0.417635191,-0.212920256,0.498761745,-0.134122621,-0.273896151,1.100359348
0.143066406,-0.134765625,0.704101563,-31.86035156,20.5078125,18.12744141,-22.54943848,-6.998291016,-112.0935059,-0.055982134,0.043613015,-0.252637237,0.19904854,-0.17837864,0.956738799,0.212402344,0.18359375,0.882324219,-25.45166016,32.95898438,2.746582031,15.39733887,-7.624511719,-132.3248291,0.11551211,0.11162441,-0.117636645,0.096890233,0.07196934,0.999960863,-0.258789063,-0.453125,0.701660156,14.40429688,71.53320313,-16.54052734,-2.823486328,2.515869141,-85.48461914,-0.099733153,-0.143383079,-0.318959354,-0.15905591,-0.309741921,1.02061951
0.120117188,-0.196289063,0.625976563,-14.40429688,15.31982422,17.21191406,-23.43933105,-5.993041992,-111.4562988,-0.063145082,-0.014328338,-0.26460979,0.183262269,-0.181960724,0.890586352,0.119140625,0.208496094,0.732421875,-82.64160156,40.52734375,-4.089355469,12.32116699,-5.756835938,-132.3193359,0.017800313,0.109221403,-0.214031191,0.101340312,0.099274691,0.946453066,0.028320313,-0.297851563,1.441894531,6.652832031,61.34033203,-10.07080078,-2.774047852,5.960083008,-86.89086914,0.149900978,0.009512286,0.337020017,-0.121580665,-0.307363849,1.104874514
0.120117188,-0.196289063,0.625976563,-14.40429688,15.31982422,17.21191406,-23.43933105,-5.993041992,-111.4562988,-0.050516065,-0.011462671,-0.211687832,0.170633253,-0.184826392,0.837664394,0.1015625,0.270996094,0.791015625,-125.1831055,25.08544922,17.27294922,2.384033203,-2.543334961,-130.4626465,0.000177751,0.137377122,-0.124349953,0.101384749,0.133618972,0.915365578,0.248535156,-0.035644531,0.506347656,-47.11914063,39.24560547,14.22119141,-5.592041016,7.827758789,-87.39074707,0.296092657,0.217375454,-0.478821486,-0.047557501,-0.253019985,0.985169143
0.052246094,-0.329589844,0.59375,24.47509766,-4.39453125,4.39453125,-22.38464355,-4.729614258,-110.4840088,-0.094709727,-0.115810761,-0.195131515,0.146955821,-0.213779082,0.788881515,0.1015625,0.270996094,0.791015625,-125.1831055,25.08544922,17.27294922,2.384033203,-2.543334961,-130.4626465,0.0001422,0.109901698,-0.099479962,0.1014203,0.161094396,0.890495587,0.057617188,0.126953125,0.8984375,-15.86914063,-9.765625,15.68603516,-6.674194336,7.866210938,-86.64367676,0.084139751,0.303978488,-0.069385314,-0.026522563,-0.177025363,0.967822814
0.047363281,-0.395507813,0.754882813,25.75683594,-14.58740234,-30.76171875,-21.29699707,-5.504150391,-111.0498047,-0.079674032,-0.145382984,-0.027198962,0.127037313,-0.250124828,0.782081775,0.064941406,0.159179688,0.639160156,-113.4033203,16.84570313,-11.53564453,-3.087158203,-1.549072266,-129.8474121,-0.029183115,-0.001531767,-0.201068345,0.094124521,0.160711454,0.840228501,-0.26171875,0.442871094,0.844238281,-15.625,25.14648438,-43.70117188,-6.718139648,8.723144531,-86.48986816,-0.188156949,0.495917166,-0.098867626,-0.073561801,-0.053046072,0.943105907
0.047363281,-0.395507813,0.754882813,25.75683594,-14.58740234,-30.76171875,-21.29699707,-5.504150391,-111.0498047,-0.063739226,-0.116306387,-0.02175917,0.111102507,-0.279201425,0.776641982,0.154296875,0.052246094,0.747070313,-68.29833984,3.051757813,-37.96386719,-6.937866211,-1.549072266,-131.4733887,0.048137883,-0.086772288,-0.074526551,0.106158992,0.139018382,0.821596863,-0.26171875,0.442871094,0.844238281,-15.625,25.14648438,-43.70117188,-6.718139648,8.723144531,-86.48986816,-0.15052556,0.396733733,-0.079094101,-0.11119319,0.046137361,0.923332382
0.062011719,-0.436035156,0.807617188,16.78466797,-13.42773438,-32.95898438,-20.3302002,-6.718139648,-112.6263428,-0.03927263,-0.125466985,0.024780164,0.101284349,-0.310568171,0.782837023,0.055664063,-0.006347656,0.789550781,-41.68701172,-0.732421875,-46.44775391,-9.195556641,-1.944580078,-133.2312012,-0.040395943,-0.116292831,-0.025636866,0.096060006,0.109945175,0.815187647,0.19140625,0.28515625,0.828125,20.99609375,18.67675781,-45.8984375,-6.146850586,10.53588867,-91.67541504,0.242079552,0.191215111,-0.076165906,-0.050673302,0.093941139,0.904290906
0.221679688,-0.513671875,1.083007813,29.47998047,1.281738281,17.63916016,-17.12768555,-7.921142578,-113.6260986,0.096316271,-0.162482963,0.240136631,0.125363417,-0.351188912,0.842871181,0.078613281,-0.111328125,0.919921875,21.66748047,-0.061035156,8.544921875,-9.250488281,-2.675170898,-134.6429443,-0.01395738,-0.17701864,0.083787383,0.092570661,0.065690515,0.836134492,0.201171875,0.383300781,0.904296875,66.10107422,-16.23535156,51.51367188,-0.994262695,9.382324219,-90.71960449,0.201476142,0.231487714,4.78E-06,-0.000304267,0.151813067,0.9042921
0.368652344,-0.573242188,0.905273438,24.84130859,3.234863281,31.43310547,-16.36962891,-7.553100586,-112.8076172,0.194631142,-0.17764262,0.049921805,0.174021202,-0.395599567,0.855351632,-0.431640625,0.109375,0.89453125,117.7368164,13.73291016,28.99169922,-1.851196289,-1.680908203,-130.5230713,-0.419369029,0.034947588,0.046717406,-0.012271596,0.074427412,0.847813844,-1.888671875,0.604492188,2.259765625,117.3706055,-57.6171875,67.87109375,4.74609375,7.959594727,-86.86340332,-1.510694086,0.362143296,1.08437882,-0.377977789,0.242348891,1.175386805
0.216796875,-0.026855469,0.925292969,-42.78564453,14.28222656,-71.96044922,-14.50744629,-6.240234375,-115.8618164,0.034220538,0.294995279,0.055953069,0.182576337,-0.321850747,0.8693399,0.354980469,0.102050781,1.519042969,88.80615234,-7.8125,-54.32128906,6.943359375,-1.444702148,-136.6314697,0.293801652,0.022098696,0.5369833,0.061178817,0.079952086,0.982059669,-0.114257813,-0.219238281,0.872558594,-26.85546875,-3.540039063,3.784179688,-8.442993164,5.531616211,-90.49987793,0.210975981,-0.369269738,-0.242262569,-0.325233793,0.150031457,1.114821163
-0.448730469,-0.066894531,1.514648438,29.35791016,5.615234375,-7.141113281,-13.36486816,-5.789794922,-115.581665,-0.505045444,0.203964973,0.51624683,0.056314976,-0.270859504,0.998401607,-0.013671875,0.614257813,0.897460938,61.88964844,0.854492188,20.93505859,11.22253418,-1.593017578,-136.9720459,-0.059880553,0.427444582,-0.067678985,0.046208678,0.186813231,0.965139923,-0.078125,-0.166992188,1.027832031,-7.629394531,-1.403808594,0.122070313,-8.865966797,5.339355469,-90.34606934,0.197687035,-0.253618916,-0.069591305,-0.275812035,0.086626728,1.097423336
0.0703125,-0.088378906,0.942382813,-11.29150391,9.155273438,-93.07861328,-12.91442871,-5.82824707,-118.6138916,0.011198019,0.145984478,-0.044815036,0.059114481,-0.234363385,0.987197848,0.353515625,0.368652344,0.965332031,20.14160156,-14.28222656,-46.14257813,14.99084473,-1.181030273,-139.3835449,0.245845557,0.14547129,0.000153687,0.107670068,0.223181054,0.965178344,-0.089355469,-0.208007813,0.946289063,4.150390625,-13.30566406,0.732421875,-9.244995117,5.020751953,-90.34606934,0.149165253,-0.235707632,-0.120907419,-0.238520721,0.02769982,1.067196482
0.329101563,-0.20703125,0.932617188,23.01025391,-0.305175781,-19.40917969,-12.29919434,-6.723632813,-121.4154053,0.215989666,0.021865708,-0.043664529,0.113111897,-0.228896958,0.976281716,0.353515625,0.368652344,0.965332031,20.14160156,-14.28222656,-46.14257813,14.99084473,-1.181030273,-139.3835449,0.196676446,0.116377032,0.00012295,0.156839179,0.252275312,0.965209082,-0.035644531,-0.192871094,0.977050781,-1.525878906,-8.117675781,-1.342773438,-9.206542969,4.411010742,-90.31311035,0.162300952,-0.176456731,-0.07211656,-0.197945483,-0.016414363,1.049167341
0.081542969,-0.232910156,0.959960938,15.625,-4.455566406,-16.35742188,-11.28295898,-7.097167969,-122.0581055,-0.025255143,-0.003210559,-0.013056623,0.106798111,-0.229699597,0.97301756,0.154785156,0.279785156,0.968261719,17.82226563,-6.286621094,-13.79394531,15.96862793,-1.680908203,-140.7568359,-0.001643218,0.022007876,0.00244211,0.156428375,0.257777281,0.965819609,-0.044433594,-0.187011719,0.987304688,1.892089844,-2.502441406,-0.122070313,-9.179077148,4.114379883,-90.34606934,0.122809512,-0.136477885,-0.049490123,-0.167243105,-0.050533834,1.036794811
0.047851563,-0.335449219,0.892578125,10.13183594,-2.502441406,-2.563476563,-10.86547852,-7.267456055,-122.5964355,-0.047157239,-0.084599697,-0.064351548,0.095008802,-0.250849522,0.956929673,-0.060546875,0.14453125,0.903808594,43.88427734,-2.990722656,18.24951172,18.38562012,-1.911621094,-140.7293701,-0.1735802,-0.090596824,-0.049608812,0.113033325,0.235128074,0.953417406,-0.067382813,-0.182617188,1.002441406,-1.403808594,-3.112792969,-0.915527344,-9.206542969,3.960571289,-90.37353516,0.079888234,-0.105666683,-0.027482724,-0.147271047,-0.076950505,1.02992413
0.032226563,-0.3203125,0.845703125,1.586914063,-0.122070313,5.676269531,-10.98083496,-7.108154297,-122.3327637,-0.050225791,-0.055570383,-0.088981239,0.082452354,-0.264742117,0.934684364,-0.060546875,0.14453125,0.903808594,43.88427734,-2.990722656,18.24951172,18.38562012,-1.911621094,-140.7293701,-0.13886416,-0.07247746,-0.03968705,0.078317285,0.21700871,0.943495644,-0.07421875,-0.181640625,1.055664063,-8.7890625,-10.92529297,-5.493164063,-9.442749023,3.740844727,-90.46691895,0.058441838,-0.083752096,0.020591946,-0.132660588,-0.097888529,1.035072116
0.032226563,-0.3203125,0.845703125,1.586914063,-0.122070313,5.676269531,-10.98083496,-7.108154297,-122.3327637,-0.040180633,-0.044456306,-0.071184991,0.072407195,-0.275856194,0.916888116,-0.060546875,0.14453125,0.903808594,43.88427734,-2.990722656,18.24951172,18.38562012,-1.911621094,-140.7293701,-0.111091328,-0.057981968,-0.03174964,0.050544453,0.202513218,0.935558234,-0.07421875,-0.181640625,1.055664063,-8.7890625,-10.92529297,-5.493164063,-9.442749023,3.740844727,-90.46691895,0.04675347,-0.067001677,0.016473557,-0.12097222,-0.114638948,1.039190506
0.080566406,-0.321777344,0.780273438,-6.34765625,3.295898438,7.629394531,-11.48071289,-6.542358398,-122.0361328,0.006527369,-0.03673692,-0.109291743,0.074039038,-0.285040424,0.88956518,0.105957031,0.270507813,0.815917969,82.51953125,-5.737304688,16.90673828,23.99963379,-2.521362305,-140.0372314,0.044330063,0.054395676,-0.095712212,0.061626968,0.216112137,0.911630181,0.005371094,-0.220703125,0.883300781,-9.765625,-12.02392578,-4.089355469,-10.0579834,2.916870117,-90.68115234,0.101074651,-0.084851342,-0.124711779,-0.095703557,-0.135851783,1.008012561
0.182617188,-0.202636719,0.877441406,2.258300781,-8.850097656,35.21728516,-12.28820801,-6.135864258,-119.4873047,0.08686252,0.065922964,-0.009699019,0.095754668,-0.268559683,0.887140425,0.168945313,0.596191406,0.776367188,97.96142578,2.685546875,28.99169922,33.00842285,-4.581298828,-137.6202393,0.085854675,0.304063416,-0.108210395,0.083090637,0.292127991,0.884577582,-0.017578125,-0.192382813,0.994140625,7.934570313,7.568359375,3.479003906,-10.05249023,2.889404297,-90.72509766,0.062500346,-0.045224823,-0.011097549,-0.080078471,-0.147157989,1.005238174
0.013183594,-0.133789063,1.00390625,6.34765625,-18.12744141,28.99169922,-11.82678223,-6.212768555,-114.2523193,-0.066056859,0.107816496,0.09341266,0.079240453,-0.241605559,0.91049359,0.083496094,0.740722656,0.71484375,93.62792969,-10.62011719,50.90332031,42.47314453,-7.239990234,-134.3133545,0.000324365,0.358875733,-0.135787066,0.083171729,0.381846924,0.850630816,-0.049804688,-0.200195313,0.979492188,10.49804688,2.380371094,2.563476563,-9.596557617,3.180541992,-90.63171387,0.024219027,-0.042429859,-0.020596789,-0.074023714,-0.157765454,1.000088976
-0.160644531,-0.531738281,1.452148438,-25.51269531,4.760742188,23.19335938,-11.61804199,-6.685180664,-110.0280762,-0.191907987,-0.232106178,0.433323878,0.031263456,-0.299632103,1.01882456,0.109375,0.794921875,0.950195313,93.32275391,-14.46533203,52.734375,46.91162109,-9.382324219,-132.7148438,0.020962617,0.330459961,0.079651598,0.088412383,0.464461914,0.870543715,-0.068847656,-0.266601563,0.97265625,24.16992188,-4.455566406,-0.854492188,-8.421020508,3.186035156,-90.52185059,0.004140846,-0.087068887,-0.021946181,-0.072988503,-0.179532676,0.994602431
0.453613281,-0.19921875,1.313964844,-68.17626953,30.2734375,-7.507324219,-17.21008301,-3.806762695,-109.5172119,0.33787986,0.080330683,0.236112227,0.115733421,-0.279549433,1.077852617,0.280761719,1.154296875,0.108398438,40.52734375,-40.89355469,-21.72851563,58.7878418,-15.32043457,-137.043457,0.153879469,0.551867969,-0.609716222,0.12688225,0.602428906,0.718114659,-0.170410156,-0.291015625,1.078125,124.3286133,-36.80419922,-1.647949219,0.280151367,2.60925293,-92.2467041,-0.077937323,-0.08918636,0.066818055,-0.092472833,-0.201829265,1.011306945
0.192382813,-0.175292969,0.916503906,-52.12402344,32.53173828,19.47021484,-22.74719238,-0.834960938,-108.9678955,0.061319513,0.083405171,-0.129078968,0.131063299,-0.25869814,1.045582875,0.126464844,0.268554688,0.523925781,11.35253906,-3.41796875,-12.20703125,60.80932617,-15.15563965,-137.878418,-0.000333925,-0.267099375,-0.155351103,0.126798769,0.535654062,0.679276884,0.147460938,0.1015625,2.305664063,172.4853516,-158.1420898,22.15576172,27.22412109,-16.27075195,-95.00976563,0.191947017,0.242713412,1.035485694,-0.044486079,-0.141150912,1.270178368
0.109863281,-0.195800781,0.912597656,-54.87060547,24.47509766,3.601074219,-25.10925293,0.565795898,-108.4735107,-0.016960014,0.050317887,-0.106388175,0.126823296,-0.246118668,1.018985831,0.213378906,0.532714844,0.366699219,-171.2646484,44.12841797,-19.40917969,49.68017578,-11.55761719,-137.4334717,0.06926411,-0.002351375,-0.250062132,0.144114796,0.535066219,0.616761351,-0.301269531,-0.453125,0.310546875,-91.12548828,35.33935547,15.19775391,21.79138184,-15.72692871,-93.52111816,-0.205426762,-0.24957927,-0.767705195,-0.09584277,-0.20354573,1.07825207
0.1015625,-0.165527344,0.669433594,-44.06738281,8.666992188,-28.3203125,-27.08129883,0.560302734,-109.1271973,-0.020208637,0.064473059,-0.27964179,0.121771137,-0.230000403,0.949075383,0.149902344,0.502441406,0.510253906,-217.590332,54.74853516,-3.723144531,39.6661377,-9.739379883,-135.9942627,0.004630038,-0.02609985,-0.085205956,0.145272306,0.528541256,0.595459862,-0.204589844,-0.228515625,1.025878906,-144.1650391,123.1689453,7.263183594,14.45800781,-11.16210938,-91.71386719,-0.086997659,-0.019975916,-0.041898531,-0.117592184,-0.208539709,1.067777437
0.196289063,-0.220703125,0.513671875,-9.27734375,-6.469726563,-10.80322266,-28.11950684,-0.593261719,-110.0061035,0.059614341,0.007437823,-0.348322807,0.136674722,-0.228140948,0.861994682,0.231445313,0.581054688,0.642578125,-231.628418,58.95996094,7.873535156,28.46008301,-7.492675781,-134.3243408,0.068938405,0.042010745,0.03769461,0.162506907,0.539043942,0.604883515,0.247558594,0.130859375,0.642578125,-128.4790039,115.6616211,8.483886719,6.448974609,-4.603271484,-90.69213867,0.292120623,0.271519267,-0.34015945,-0.044562029,-0.140659892,0.982737575
0.162109375,-0.136230469,0.518554688,29.47998047,-7.629394531,30.70068359,-27.13623047,-1.043701172,-109.0393066,0.020347723,0.073528383,-0.274751995,0.141761652,-0.209758852,0.793306683,0.099609375,0.702148438,0.570800781,-231.0791016,59.69238281,24.96337891,17.11120605,-5.328369141,-131.3195801,-0.050318026,0.130483596,-0.027266187,0.149927401,0.571664841,0.598066968,0.333496094,0.189453125,0.668945313,-41.19873047,104.1870117,40.46630859,2.340087891,-0.093383789,-89.12658691,0.302446498,0.264090414,-0.25103381,0.031049596,-0.074637289,0.919979122
0.162109375,-0.136230469,0.518554688,29.47998047,-7.629394531,30.70068359,-27.13623047,-1.043701172,-109.0393066,0.016278178,0.058822706,-0.219801596,0.145831197,-0.195053175,0.738356284,0.099609375,0.702148438,0.570800781,-231.0791016,59.69238281,24.96337891,17.11120605,-5.328369141,-131.3195801,-0.040254421,0.104386877,-0.021812949,0.139863796,0.597761561,0.592613731,-0.063476563,0.611328125,1.461425781,-46.38671875,113.7695313,-8.30078125,1.153564453,4.581298828,-87.52258301,-0.075620927,0.548772331,0.433157327,0.012144364,0.062555794,1.028268454
-0.119140625,-0.176269531,0.638671875,56.57958984,-43.45703125,-11.16943359,-24.41162109,-1.560058594,-107.1057129,-0.211977458,0.015026915,-0.079747527,0.092836833,-0.191296446,0.718419402,0.139160156,0.618164063,0.833496094,-202.7587891,49.68261719,-2.624511719,7.113647461,-2.576293945,-129.0618896,-0.000562911,0.016322001,0.192705891,0.139723068,0.601842061,0.640790203,0.438476563,0.821777344,1.287109375,-77.69775391,85.32714844,-52.06298828,-1.274414063,9.51965332,-88.64868164,0.341065759,0.60737724,0.207072737,0.097410804,0.214400104,1.080036638
-0.021484375,-0.389160156,0.897949219,49.19433594,-17.33398438,-8.056640625,-19.1217041,-5.80078125,-106.940918,-0.091456966,-0.158290968,0.143623853,0.069972591,-0.230869188,0.754325365,0.076660156,0.123046875,0.822265625,-86.79199219,13.30566406,-6.469726563,-6.026000977,-0.637207031,-127.6940918,-0.050450329,-0.383036149,0.145180337,0.127110485,0.506083024,0.677085288,0.216308594,0.760253906,0.960449219,-20.93505859,21.66748047,41.93115234,-0.560302734,12.5958252,-86.55578613,0.095118232,0.436683042,-0.095669936,0.121190362,0.323570864,1.056119154
0.222167969,-0.472167969,0.995117188,33.26416016,-5.37109375,-6.591796875,-16.56188965,-7.536621094,-109.2700195,0.121756302,-0.193039024,0.192633458,0.100411667,-0.279128944,0.80248373,0.170898438,-0.177734375,1.087890625,34.85107422,-7.8125,-14.95361328,-6.690673828,-0.302124023,-127.3699951,0.035030362,-0.547053919,0.32864427,0.135868076,0.369319544,0.759246355,-0.24609375,0.501953125,0.611328125,33.93554688,-12.57324219,-7.873535156,0.966796875,13.98010254,-84.24316406,-0.293827289,0.142705808,-0.355832823,0.047733539,0.359247317,0.967160948
-0.185058594,-0.258300781,1.397949219,25.26855469,-14.46533203,-39.0625,-12.56835938,-7.635498047,-109.1217041,-0.228376208,0.016662531,0.476372391,0.043317615,-0.274963312,0.921576828,-0.357421875,-0.398925781,1.497070313,98.02246094,0.9765625,-10.13183594,1.268920898,-0.582275391,-127.8588867,-0.394631961,-0.61459626,0.590259166,0.037210086,0.215670479,0.906811147,-0.019042969,0.204101563,1.428710938,-125.8544922,8.666992188,-17.88330078,-7.185058594,7.838745117,-90.11535645,-0.053421207,-0.124116603,0.369239991,0.034378238,0.328218166,1.059470946
0.600585938,-0.063476563,1.076171875,-88.56201172,15.68603516,-65.00244141,-10.96984863,-7.608032227,-115.1806641,0.445814658,0.169189399,0.123676038,0.154771279,-0.232665962,0.952495837,0.472167969,-0.484863281,1.823730469,94.11621094,-10.98632813,-36.86523438,4.630737305,-0.32409668,-131.5228271,0.347966306,-0.560427008,0.733535458,0.124201662,0.075563727,1.090195011,-0.054199219,-0.208007813,0.979003906,4.272460938,-0.732421875,0,-11.28295898,7.871704102,-90.5657959,-0.070861965,-0.428980783,-0.064373632,0.016662746,0.22097297,1.043377538
0.416992188,0.453613281,0.536621094,-15.13671875,-7.873535156,11.65771484,-12.16186523,-7.141113281,-114.6368408,0.209776727,0.549023395,-0.332699795,0.207215461,-0.095410113,0.869320888,-0.046386719,0.358886719,1.059570313,47.48535156,-9.27734375,-17.63916016,13.01879883,-0.153808594,-131.3031006,-0.136470705,0.226658393,-0.024499759,0.090083986,0.132228325,1.084070071,-0.075195313,-0.182617188,0.989746094,3.784179688,-7.995605469,2.197265625,-11.09069824,7.591552734,-90.46691895,-0.073486447,-0.322872126,-0.042905156,-0.001708865,0.140254939,1.032651249
0.015136719,-0.249511719,1.061035156,7.629394531,4.028320313,-6.164550781,-10.2557373,-6.047973633,-111.3574219,-0.153662994,-0.123281284,0.153371414,0.168799712,-0.126230434,0.907663742,0.291015625,0.3046875,0.938476563,41.9921875,-4.211425781,-4.39453125,15.28747559,-0.49987793,-132.3522949,0.160745311,0.13796734,-0.116474807,0.130270314,0.16672016,1.05495137,-0.047363281,-0.193847656,0.982421875,-0.061035156,-4.333496094,-0.183105469,-11.06323242,7.17956543,-90.33508301,-0.036523533,-0.267282076,-0.040183499,-0.010839749,0.07343442,1.022605374
0.064941406,-0.107421875,0.952148438,2.990722656,-9.216308594,-55.11474609,-9.937133789,-6.350097656,-112.5604248,-0.083086645,0.015046848,0.035587756,0.148028051,-0.122468723,0.916560681,0.127441406,0.253417969,0.927246094,39.00146484,-3.540039063,-16.47949219,17.28149414,-0.692138672,-132.2479248,-0.002263126,0.069358247,-0.102164221,0.129704532,0.184059722,1.029410314,-0.064453125,-0.201171875,0.959960938,0.183105469,-1.647949219,-0.244140625,-11.09619141,6.932373047,-90.30212402,-0.042890701,-0.219685036,-0.05011555,-0.021562424,0.018513161,1.010076487
0.129882813,-0.304199219,0.869140625,16.66259766,-7.019042969,24.23095703,-9.51965332,-7.042236328,-113.972168,-0.014516191,-0.145384397,-0.037936045,0.144399003,-0.158814822,0.90707667,0.127441406,0.253417969,0.927246094,39.00146484,-3.540039063,-16.47949219,17.28149414,-0.692138672,-132.2479248,-0.001810501,0.055486597,-0.081731376,0.129251907,0.197931371,1.00897747,-0.0625,-0.196777344,0.97265625,2.990722656,-2.197265625,0.48828125,-11.00830078,6.718139648,-90.25268555,-0.032750061,-0.172232404,-0.02993619,-0.029749939,-0.02454494,1.00259244
-0.138183594,-0.333984375,0.884765625,15.74707031,-2.563476563,31.79931641,-9.173583984,-6.789550781,-112.3297119,-0.226066078,-0.140135643,-0.017848836,0.087882484,-0.193848732,0.902614461,-0.102050781,0.258789063,0.856933594,68.11523438,-10.92529297,5.187988281,22.19787598,-1.691894531,-131.5393066,-0.185042151,0.048686153,-0.121635101,0.082991369,0.21010291,0.978568695,-0.046875,-0.188476563,0.972167969,4.333496094,-3.295898438,0.549316406,-10.81604004,6.487426758,-90.17578125,-0.013700049,-0.131145298,-0.024339577,-0.033174951,-0.057331265,0.996507545
-0.138183594,-0.333984375,0.884765625,15.74707031,-2.563476563,31.79931641,-9.173583984,-6.789550781,-112.3297119,-0.180852862,-0.112108514,-0.014279069,0.042669268,-0.221875861,0.899044694,-0.102050781,0.258789063,0.856933594,68.11523438,-10.92529297,5.187988281,22.19787598,-1.691894531,-131.5393066,-0.148033721,0.038948922,-0.097308081,0.045982939,0.21984014,0.954241675,-0.046875,-0.188476563,0.972167969,4.333496094,-3.295898438,0.549316406,-10.81604004,6.487426758,-90.17578125,-0.010960039,-0.104916238,-0.019471661,-0.035914961,-0.083560324,0.99163963
0.040527344,-0.230957031,0.836425781,-4.516601563,-1.647949219,-1.892089844,-9.404296875,-6.459960938,-112.0495605,-0.00171354,-0.007264936,-0.05009513,0.042240884,-0.223692095,0.886520911,-0.102050781,0.258789063,0.856933594,68.11523438,-10.92529297,5.187988281,22.19787598,-1.691894531,-131.5393066,-0.118426976,0.031159138,-0.077846465,0.016376195,0.227629925,0.934780059,-0.036132813,-0.169921875,0.998535156,8.239746094,-4.699707031,0.915527344,-10.33813477,6.12487793,-90.04394531,-0.000174281,-0.069089241,0.005516421,-0.035958531,-0.100832634,0.993018735
0.104492188,-0.137207031,0.827636719,15.19775391,-5.859375,60.72998047,-9.629516602,-6.608276367,-109.2205811,0.049801043,0.069188051,-0.047107354,0.054691144,-0.206395082,0.874744073,0.157714844,0.377441406,0.829101563,99.85351563,-10.55908203,50.41503906,30.54748535,-3.993530273,-130.4187012,0.113070919,0.119849185,-0.084542797,0.044643925,0.257592221,0.913644359,-0.048828125,-0.154785156,0.997558594,11.84082031,-4.577636719,0.671386719,-9.179077148,5.438232422,-89.79125977,-0.010295675,-0.043162017,0.003631887,-0.03853245,-0.111623139,0.993926707
0.173828125,-0.175292969,1.047363281,-0.244140625,-25.20751953,43.21289063,-9.722900391,-7.800292969,-105.0073242,0.095309585,0.024881691,0.138095367,0.07851854,-0.20017466,0.909267914,0.206542969,0.773925781,0.763671875,97.83935547,-4.638671875,42.05322266,40.52307129,-6.937866211,-127.2821045,0.129519235,0.413066848,-0.119977987,0.077023734,0.360858933,0.883649862,-0.051269531,-0.201660156,0.942382813,15.99121094,-4.39453125,2.075195313,-8.728637695,4.971313477,-89.69787598,-0.010189665,-0.072029614,-0.041235116,-0.041079866,-0.129630542,0.983617928
-0.259277344,-0.403320313,1.27734375,-12.51220703,-13.12255859,49.8046875,-10.31066895,-8.124389648,-102.0080566,-0.270236707,-0.162516522,0.294460668,0.010959364,-0.24080379,0.982883082,0.02734375,0.753417969,1.546875,109.2529297,-50.59814453,37.29248047,49.60876465,-11.79931641,-124.6453857,-0.039743987,0.314047229,0.53058011,0.067087737,0.43937074,1.01629489,-0.109863281,-0.120117188,0.973632813,112.9150391,-52.55126953,-8.850097656,-3.576049805,3.444213867,-89.62646484,-0.055026732,0.007610684,-0.007988093,-0.054836549,-0.127727871,0.981620905
0.480957031,-0.229980469,1.255859375,-67.44384766,57.55615234,11.10839844,-19.9017334,-2.087402344,-101.5026855,0.375998134,0.008658657,0.218381035,0.104958897,-0.238639126,1.03747834,-0.093261719,0.622070313,0.458496094,6.225585938,-43.02978516,-67.19970703,56.85974121,-13.79882813,-130.3857422,-0.128279565,0.146159658,-0.446239037,0.035017846,0.475910655,0.904735131,0.138671875,-1.024902344,0.785644531,319.9462891,-190.7958984,7.8125,23.29650879,-10.47546387,-93.51013184,0.154806739,-0.717739578,-0.156781099,-0.016134864,-0.307162766,0.94242563
0.163574219,-0.201171875,0.737792969,-57.06787109,33.32519531,-2.9296875,-22.26928711,-0.20324707,-101.217041,0.046892257,0.029973801,-0.239748297,0.116681961,-0.231145676,0.977541266,0.148925781,0.380859375,0.473144531,-150.9399414,34.54589844,10.86425781,48.82873535,-11.36535645,-132.7478027,0.091126348,-0.076041024,-0.34527248,0.057799433,0.456900399,0.818417011,-0.002441406,-0.119140625,0.322753906,-111.7553711,76.23291016,-15.68603516,20.14343262,-8.953857422,-90.82397461,0.010954767,0.150417713,-0.495737379,-0.013396173,-0.269558338,0.818491285
0.205078125,-0.252441406,0.538574219,-14.28222656,5.493164063,-11.71875,-25.76843262,0.417480469,-103.2495117,0.070716931,-0.017036584,-0.351173638,0.134361194,-0.235404822,0.889747857,0.252441406,0.484375,0.471679688,-192.7490234,40.40527344,-10.98632813,39.74304199,-10.04150391,-131.9622803,0.155713579,0.021979681,-0.277389859,0.096727828,0.462395319,0.749069546,0.069824219,0.12109375,1.26953125,-89.53857422,108.2763672,-5.310058594,14.58435059,-4.152832031,-90.3515625,0.066576313,0.31252167,0.360831972,0.003247906,-0.19142792,0.908699278
0.100585938,-0.193847656,0.558105469,18.73779297,-6.042480469,10.62011719,-25.40039063,-0.120849609,-103.0957031,-0.027020205,0.033245732,-0.26531391,0.127606143,-0.227093389,0.823419379,0.20703125,0.567871094,0.655273438,-199.0356445,49.86572266,12.20703125,20.40710449,-5.537109375,-128.1719971,0.088242738,0.08438062,-0.075036887,0.118788512,0.483490474,0.730310324,0.376953125,0.490234375,0.809570313,-155.090332,131.0424805,13.24462891,7.646484375,1.213989258,-89.49462891,0.298964176,0.545329836,-0.079303173,0.077988949,-0.055095461,0.888873485
-0.075195313,-0.176757813,0.625488281,48.88916016,-35.64453125,-18.98193359,-23.38989258,-0.911865234,-102.3101807,-0.162241164,0.040268461,-0.158344878,0.087045852,-0.217026273,0.783833159,0.006835938,0.571777344,0.716796875,-190.6738281,43.82324219,10.25390625,11.03027344,-3.515625,-125.59021,-0.08956206,0.070629496,-0.01081076,0.096397997,0.501147848,0.727607635,0.045898438,0.669921875,0.517089844,-66.16210938,119.5678711,6.469726563,3.246459961,7.267456055,-87.5390625,-0.02567241,0.580013869,-0.297426913,0.071570847,0.089908006,0.814516757
0.096191406,-0.100097656,0.625488281,52.42919922,-46.63085938,-28.99169922,-20.58288574,-3.290405273,-102.1783447,0.007316444,0.093542894,-0.126675903,0.088874963,-0.19364055,0.752164184,0.217773438,0.222167969,0.930175781,-117.3706055,19.04296875,8.483886719,3.856201172,-1.37878418,-124.7662354,0.097100352,-0.223183903,0.162054517,0.120673085,0.445351872,0.768121264,0.373046875,0.717285156,1.712402344,-76.04980469,18.06640625,-42.60253906,2.114868164,10.59082031,-88.05541992,0.241180822,0.50190172,0.718308469,0.131866053,0.215383436,0.994093874
-0.025390625,0.013671875,1.096191406,-8.850097656,-39.79492188,-105.1635742,-9.920654297,-7.926635742,-108.1768799,-0.09141247,0.16584994,0.275221778,0.066021845,-0.152178065,0.820969628,0.162109375,0.467285156,1.048828125,69.09179688,-5.920410156,-64.27001953,1.40625,1.060180664,-122.2229004,0.033149032,0.017546627,0.224565489,0.128960343,0.449738529,0.824262636,-0.088378906,-0.579101563,0.35546875,-82.51953125,8.728027344,-9.338378906,-8.58581543,7.844238281,-85.89111328,-0.176195967,-0.635587999,-0.510900099,0.087817061,0.056486436,0.866368849
-0.025390625,0.013671875,1.096191406,-8.850097656,-39.79492188,-105.1635742,-9.920654297,-7.926635742,-108.1768799,-0.073129976,0.132679952,0.220177422,0.047739351,-0.119008077,0.876013984,0.162109375,0.467285156,1.048828125,69.09179688,-5.920410156,-64.27001953,1.40625,1.060180664,-122.2229004,0.026519225,0.014037302,0.179652391,0.13559015,0.453247854,0.869175734,-0.088378906,-0.579101563,0.35546875,-82.51953125,8.728027344,-9.338378906,-8.58581543,7.844238281,-85.89111328,-0.140956774,-0.508470399,-0.40872008,0.052577867,-0.070631163,0.76418883
0.693359375,0.95703125,0.595703125,-126.8310547,20.75195313,-59.93652344,-9.173583984,-7.333374023,-116.0650635,0.516496019,0.860831462,-0.224248687,0.176863356,0.096199788,0.819951812,-0.19921875,0.026855469,1.116699219,91.67480469,-14.70947266,4.8828125,7.300415039,1.307373047,-131.8469238,-0.26784712,-0.341113908,0.198018788,0.06862837,0.367969377,0.918680431,-0.076660156,-0.155761719,1.017578125,24.47509766,-18.49365234,3.356933594,-9.761352539,6.800537109,-85.96801758,-0.103390419,-0.068104444,0.202711436,0.026730263,-0.087657274,0.814866689
0.116210938,0.544433594,0.973632813,46.02050781,8.972167969,-6.530761719,-8.635253906,-6.372070313,-117.2406006,-0.048521935,0.358587044,0.1229448,0.164732872,0.185846549,0.850688012,0.364257813,0.56640625,1.120117188,32.77587891,-12.51220703,18.24951172,10.99731445,2.345581055,-133.5058594,0.236503554,0.158749498,0.161149405,0.127754258,0.407656752,0.958967782,-0.001953125,-0.14453125,1.047363281,8.056640625,-8.483886719,-0.427246094,-8.843994141,5.954589844,-85.55053711,-0.02294671,-0.04549918,0.185997274,0.020993585,-0.09903207,0.861366007
0.071289063,-0.333007813,0.812011719,12.26806641,0.366210938,-17.27294922,-7.042236328,-5.916137695,-115.1477051,-0.074755048,-0.41508349,-0.030941035,0.14604411,0.082075677,0.842952753,0.170898438,0.174804688,0.900878906,18.73779297,-6.225585938,-64.453125,12.33764648,2.25769043,-133.9508057,0.034515343,-0.186281651,-0.046471101,0.136383094,0.361086339,0.947350007,-0.023925781,-0.186035156,0.935058594,-5.126953125,2.197265625,-1.159667969,-8.822021484,5.559082031,-85.4296875,-0.035935493,-0.069602469,0.058954069,0.012009712,-0.116432687,0.876104524
0.279785156,-0.385742188,0.841796875,3.295898438,2.685546875,46.44775391,-7.311401367,-6.350097656,-116.5319824,0.106992837,-0.374254292,-0.000924703,0.172792319,-0.011487896,0.842721578,0.075683594,0.108886719,0.924316406,63.23242188,0.793457031,44.98291016,16.11694336,1.472167969,-134.4287109,-0.0485596,-0.201759696,-0.018426881,0.124243194,0.310646415,0.942743287,-0.0078125,-0.145507813,1.016601563,-0.48828125,0.9765625,-0.061035156,-8.926391602,5.493164063,-85.34179688,-0.01585777,-0.0232601,0.11239763,0.00804527,-0.122247712,0.904203932
0.279785156,-0.385742188,0.841796875,3.295898438,2.685546875,46.44775391,-7.311401367,-6.350097656,-116.5319824,0.085594269,-0.299403433,-0.000739762,0.194190887,-0.086338754,0.842536637,0.086914063,0.208984375,0.836425781,79.34570313,-1.647949219,31.79931641,19.3963623,1.104125977,-133.0664063,-0.029863305,-0.081329632,-0.085054004,0.116777368,0.290314007,0.921479786,-0.048339844,-0.180175781,0.961914063,-2.075195313,2.197265625,-0.061035156,-9.058227539,5.504150391,-85.23742676,-0.045108091,-0.046342455,0.046168104,-0.003231753,-0.133833326,0.915745958
0.079589844,-0.2265625,0.826171875,-16.66259766,-3.723144531,18.43261719,-8.052978516,-4.916381836,-111.1651611,-0.091680834,-0.112178997,-0.01309181,0.171270678,-0.114383503,0.839263685,0.056152344,0.275878906,0.842285156,91.97998047,-5.554199219,28.68652344,23.52172852,0.263671875,-132.088623,-0.048500019,-0.011548081,-0.063355704,0.104652363,0.287426987,0.90564086,-0.037109375,-0.171875,0.965332031,2.258300781,-0.427246094,-0.122070313,-9.003295898,5.405273438,-85.11108398,-0.027102097,-0.030433339,0.039668858,-0.010007278,-0.141441661,0.925663173
0.073730469,-0.062988281,0.744628906,5.737304688,-1.831054688,60.546875,-8.530883789,-4.850463867,-109.2041016,-0.078032168,0.041116178,-0.075707823,0.151762636,-0.104104459,0.820336729,0.049804688,0.452636719,0.804199219,102.8442383,-9.27734375,35.64453125,28.31176758,-0.670166016,-130.8361816,-0.04387814,0.132167786,-0.081153313,0.093682828,0.320468933,0.885352532,-0.053222656,-0.185546875,0.937011719,7.629394531,-2.868652344,0.061035156,-8.81652832,5.251464844,-84.99572754,-0.034572303,-0.035284171,0.009078837,-0.018650353,-0.150262704,0.927932882
0.073730469,-0.062988281,0.744628906,5.737304688,-1.831054688,60.546875,-8.530883789,-4.850463867,-109.2041016,-0.062425734,0.032892942,-0.060566258,0.136156203,-0.095881223,0.805195165,0.205566406,0.506835938,0.850097656,105.4077148,-11.71875,48.88916016,33.45336914,-2.31262207,-129.5178223,0.089506863,0.149093603,-0.0282039,0.116059544,0.357742334,0.878301557,-0.022460938,-0.153808594,0.979003906,10.80322266,-6.652832031,-0.244140625,-8.26171875,4.861450195,-84.83642578,-0.003048467,-0.002836712,0.040856819,-0.01941247,-0.150971882,0.938147087
0.133789063,-0.098144531,0.838867188,-6.958007813,-8.361816406,17.63916016,-8.486938477,-4.520874023,-106.7980957,-0.001893712,-0.001810646,0.026937618,0.135682775,-0.096333885,0.811929569,0.205566406,0.506835938,0.850097656,105.4077148,-11.71875,48.88916016,33.45336914,-2.31262207,-129.5178223,0.07160549,0.119274883,-0.02256312,0.133960916,0.387561055,0.872660776,-0.01953125,-0.1328125,1.000976563,10.62011719,-5.065917969,-0.183105469,-7.745361328,4.504394531,-84.68261719,-9.50E-05,0.014527505,0.050263581,-0.019436226,-0.147340005,0.950712982
-0.094238281,-0.176757813,1.030761719,4.272460938,-27.16064453,65.79589844,-9.283447266,-6.377563477,-102.3980713,-0.183936845,-0.064339142,0.17506572,0.089698564,-0.11241867,0.855695999,0.122558594,0.772949219,0.672851563,106.6894531,-7.995605469,70.86181641,43.79699707,-7.393798828,-125.7385254,-0.009121858,0.308310531,-0.159847371,0.131680452,0.464638688,0.832698934,-0.040527344,-0.1875,0.922363281,8.178710938,0.610351563,0.549316406,-7.662963867,4.454956055,-84.5892334,-0.016872894,-0.032127996,-0.022679761,-0.02365445,-0.155372004,0.945043042
-0.479980469,-0.546875,1.502441406,-30.82275391,-8.361816406,46.26464844,-10.23376465,-6.317138672,-99.39331055,-0.455743226,-0.347565064,0.517396326,-0.024237243,-0.199309936,0.98504508,0.163085938,0.879882813,1.651367188,104.675293,-68.42041016,0.122070313,53.8659668,-12.65075684,-125.7824707,0.025124389,0.3321953,0.654934603,0.137961549,0.547687513,0.996432584,-0.016113281,-0.16796875,0.961425781,22.52197266,-7.019042969,2.014160156,-6.800537109,4.136352539,-84.42443848,0.006032935,-0.010077397,0.013106192,-0.022146216,-0.157891353,0.94831959
0.33984375,-0.107421875,0.89453125,-58.65478516,28.86962891,-27.46582031,-20.51147461,-0.335083008,-99.95361328,0.291264794,0.073510449,-0.072411064,0.048578956,-0.180932324,0.966942314,0.387695313,0.619628906,-0.015625,-78.18603516,13.85498047,-47.18017578,55.39855957,-11.1126709,-128.7542725,0.199787011,0.057553115,-0.809646068,0.187908302,0.562075791,0.794021068,-0.016113281,-0.16796875,0.961425781,22.52197266,-7.019042969,2.014160156,-6.800537109,4.136352539,-84.42443848,0.004826348,-0.008061917,0.010484953,-0.020939629,-0.159906833,0.950940828
0.307617188,-0.177734375,0.796386719,-43.82324219,23.13232422,-15.01464844,-22.71972656,-0.274658203,-100.8380127,0.207230585,0.002558359,-0.136444477,0.100386602,-0.180292734,0.932831195,0.172363281,0.366210938,0.462402344,-153.8085938,41.015625,0.366210938,48.95507813,-10.23925781,-126.3812256,-0.012436016,-0.156691883,-0.265294979,0.184799297,0.522902821,0.727697323,-0.217773438,-0.015625,0.086914063,-147.8881836,86.24267578,-11.96289063,19.34692383,-13.22753906,-84.7869873,-0.157467047,0.115425466,-0.691221412,-0.060306391,-0.131050466,0.778135475
0.21484375,-0.233398438,0.521972656,8.666992188,-3.295898438,-18.49365234,-23.53271484,-0.933837891,-102.7770996,0.091565718,-0.042484563,-0.328686831,0.123278032,-0.190913875,0.850659487,0.17578125,0.66796875,0.588378906,-216.7358398,47.91259766,-28.25927734,29.37194824,-5.767822266,-126.1779785,-0.007214438,0.116052744,-0.111454733,0.182995688,0.551916006,0.699833639,0.311523438,0.416503906,1.124023438,-65.49072266,119.4458008,-21.42333984,9.596557617,-0.016479492,-84.58374023,0.297463863,0.438043498,0.27671037,0.014059575,-0.021539592,0.847313067
0.051757813,-0.114746094,0.581542969,36.74316406,-20.99609375,-9.826660156,-22.0715332,-2.131347656,-103.0792236,-0.057216175,0.060934225,-0.215293215,0.108973988,-0.175680319,0.796836184,0.025390625,0.594238281,0.717773438,-179.7485352,32.71484375,-12.81738281,10.44799805,-1.296386719,-122.7996826,-0.12608405,0.03385782,0.014351838,0.151474675,0.560380461,0.703421599,0.221191406,0.673828125,1.059570313,-66.16210938,99.79248047,-23.07128906,6.767578125,4.899902344,-84.5123291,0.165705465,0.556294173,0.169805796,0.055485941,0.117533952,0.889764516
0.0234375,-0.238769531,0.841308594,67.56591797,-31.86035156,-16.41845703,-16.06201172,-5.213012695,-102.8869629,-0.06842919,-0.05047137,0.035577928,0.09186669,-0.188298161,0.805730666,0.222167969,0.330566406,0.924316406,-141.1132813,19.71435547,-9.033203125,3.279418945,0.20324707,-121.9702148,0.056554635,-0.183851244,0.176715846,0.165613334,0.51441765,0.747600561,0.492675781,0.706054688,1.249511719,-58.77685547,36.37695313,-45.71533203,5.009765625,8.646240234,-85.43518066,0.349751872,0.470816589,0.287797762,0.142923909,0.235238099,0.961713957
-0.001464844,-0.508789063,0.834960938,53.10058594,-16.72363281,-5.493164063,-13.29345703,-6.141357422,-103.3868408,-0.074665227,-0.256392721,0.023384217,0.073200383,-0.252396341,0.81157672,0.115234375,0.118164063,0.767089844,-70.67871094,26.12304688,39.85595703,-1.417236328,1.126098633,-119.8443604,-0.040303167,-0.31700287,0.015591427,0.155537542,0.435166933,0.751498417,0.357910156,0.69921875,0.973144531,-57.98339844,63.90380859,5.126953125,3.048706055,10.96435547,-84.78149414,0.171988998,0.371184521,0.009144459,0.185921159,0.328034229,0.964000072
-0.0625,-0.578125,0.87890625,31.12792969,-19.53125,-20.5078125,-11.83227539,-6.888427734,-104.4195557,-0.108560307,-0.260582927,0.053863624,0.046060307,-0.317542073,0.825042626,0.015136719,-0.0859375,0.743652344,-15.44189453,16.47949219,38.69628906,-3.13659668,2.059936523,-117.8833008,-0.112320659,-0.416883546,-0.006276859,0.127457378,0.330946046,0.749929202,0.27734375,0.721191406,0.779785156,-42.54150391,62.25585938,41.9921875,2.230224609,12.3651123,-82.34802246,0.073138073,0.314525742,-0.147371932,0.204205677,0.406665664,0.927157089
0.057617188,-0.546875,0.990234375,24.4140625,7.629394531,1.159667969,-10.93139648,-7.025756836,-105.6335449,0.009245505,-0.183466341,0.132153399,0.048371683,-0.363408659,0.858080976,-0.03515625,-0.154296875,0.848632813,54.87060547,-10.43701172,-0.366210938,-2.08190918,2.175292969,-117.6306152,-0.130090902,-0.388194337,0.078962888,0.094934652,0.233897462,0.769669924,0.097167969,0.789550781,0.205566406,1.098632813,50.90332031,38.51318359,3.636474609,15.23803711,-78.6895752,-0.085630167,0.306308093,-0.577272546,0.182798135,0.483242688,0.782838952
0.677734375,0.097167969,0.740722656,-30.51757813,33.26416016,19.83642578,-12.61779785,-4.888916016,-111.5936279,0.503490154,0.368461302,-0.093886656,0.174244221,-0.271293333,0.834609312,0.226074219,0.570800781,0.984375,113.2202148,-14.52636719,-6.286621094,13.4362793,2.252197266,-125.925293,0.104911653,0.269522655,0.17176406,0.121162565,0.301278126,0.81261094,-0.069335938,-0.178710938,0.971191406,8.30078125,-3.723144531,1.037597656,-9.541625977,7.750854492,-85.52307129,-0.201707258,-0.5295629,0.150681963,0.132371321,0.350851963,0.820509443
0.126464844,-0.258300781,1.278808594,5.187988281,3.234863281,-17.02880859,-10.21728516,-3.768310547,-108.0230713,-0.038223502,0.010394041,0.355359425,0.164688346,-0.268694823,0.923449168,0.146972656,0.446289063,1.026367188,39.97802734,-2.380371094,-23.55957031,20.38513184,3.059692383,-124.8156738,0.020648073,0.116008749,0.171004998,0.126324584,0.330280313,0.855362189,-0.044921875,-0.176269531,0.979003906,-0.427246094,-1.46484375,0,-9.898681641,7.316894531,-84.90783691,-0.141834557,-0.421697195,0.126795571,0.096912682,0.245427664,0.852208336
-0.016601563,-0.123046875,1.055664063,31.98242188,-13.61083984,9.033203125,-9.387817383,-4.460449219,-107.611084,-0.145031927,0.116518358,0.105771915,0.128430364,-0.239565233,0.949892147,-0.0859375,0.40234375,0.919921875,26.00097656,0.244140625,4.211425781,22.19787598,2.752075195,-124.2114258,-0.169809667,0.057650749,0.051647749,0.083872167,0.344693001,0.868274126,-0.054199219,-0.181152344,0.974609375,1.037597656,-2.075195313,0.183105469,-9.915161133,7.130126953,-84.64416504,-0.12088952,-0.341264006,0.097920831,0.066690302,0.160111662,0.876688544
0.094238281,-0.26171875,0.910644531,9.27734375,-7.690429688,-12.75634766,-7.651977539,-5.059204102,-107.9846191,-0.027353666,-0.017722813,-0.031398093,0.121591948,-0.243995937,0.942042624,-0.020507813,0.293457031,0.877441406,36.68212891,-7.629394531,-0.732421875,24.77416992,2.323608398,-124.8651123,-0.083503983,-0.040988775,0.007333824,0.062996171,0.334445807,0.870107582,-0.036132813,-0.173339844,0.97265625,3.845214844,-4.089355469,-0.366210938,-9.684448242,6.597290039,-84.13330078,-0.082258491,-0.266761205,0.076774165,0.046125679,0.093421361,0.895882085
0.002929688,-0.327148438,0.899414063,10.31494141,-3.90625,10.07080078,-7.432250977,-5.267944336,-108.347168,-0.094929808,-0.066522001,-0.034102849,0.097859496,-0.260626437,0.933516912,0.042480469,0.25390625,0.893554688,48.70605469,-10.31494141,17.51708984,26.68029785,1.593017578,-125.3869629,-0.016412562,-0.064431645,0.018757684,0.058893031,0.318337895,0.874797003,-0.036132813,-0.173339844,0.97265625,3.845214844,-4.089355469,-0.366210938,-9.684448242,6.597290039,-84.13330078,-0.065806793,-0.213408964,0.061419332,0.02967398,0.04006912,0.911236918
0.180175781,-0.248535156,0.764648438,0.915527344,-7.385253906,18.43261719,-7.630004883,-5.322875977,-108.2263184,0.065853029,0.009673024,-0.135094779,0.114322753,-0.258208181,0.899743217,0.044433594,0.310546875,0.799804688,72.75390625,-10.37597656,35.46142578,29.59716797,0.455932617,-125.2880859,-0.011567549,-0.006232816,-0.059993853,0.056001143,0.316779691,0.85979854,-0.030761719,-0.158203125,1.00390625,5.859375,-3.845214844,-0.122070313,-9.398803711,6.267700195,-83.88061523,-0.048348559,-0.158617796,0.074135466,0.017586841,0.000414671,0.929770784
-0.011230469,-0.191894531,0.802246094,10.80322266,-7.629394531,37.47558594,-7.630004883,-5.493164063,-106.9903564,-0.100442577,0.05305092,-0.077997698,0.089212108,-0.244945451,0.880243792,0.027832031,0.451171875,0.772460938,92.52929688,-14.22119141,29.72412109,33.52478027,-0.802001953,-124.7277832,-0.02253529,0.107513747,-0.069870082,0.050367321,0.343658128,0.84233102,-0.021484375,-0.149902344,1.013671875,7.873535156,-4.760742188,-0.244140625,-9.047241211,5.916137695,-83.63342285,-0.031256972,-0.120253612,0.067120873,0.009772597,-0.029648732,0.946551002
0.188964844,-0.152832031,0.831542969,-4.516601563,-13.00048828,24.04785156,-7.745361328,-5.619506836,-105.7598877,0.079802188,0.073690736,-0.038960659,0.109162655,-0.226522767,0.870503628,0.112792969,0.5625,0.698730469,97.90039063,-13.12255859,24.96337891,38.27636719,-2.345581055,-124.1729736,0.049940518,0.175073498,-0.114880441,0.06285245,0.387426502,0.813610909,-0.037109375,-0.164550781,0.957519531,13.671875,-7.690429688,0.183105469,-8.574829102,5.520629883,-83.39172363,-0.037505578,-0.10792164,0.008774823,0.000396203,-0.056629142,0.948744708
0.122558594,-0.172363281,0.991210938,5.859375,-17.94433594,46.38671875,-7.965087891,-6.328125,-104.095459,0.010716751,0.043327588,0.096565848,0.111841843,-0.21569087,0.89464509,0.147949219,0.700195313,0.86328125,103.7597656,-10.00976563,54.26025391,43.29711914,-3.938598633,-123.6346436,0.068077415,0.250215048,0.039736272,0.079871804,0.449980264,0.823544978,-0.006347656,-0.138671875,1.008300781,7.202148438,-3.295898438,0,-7.954101563,5.059204102,-83.12805176,-0.005395087,-0.065634187,0.047644858,-0.000952569,-0.073037688,0.960655923
-0.167480469,-0.186035156,1.162597656,-4.943847656,-20.69091797,45.28808594,-8.272705078,-6.701660156,-101.4587402,-0.22345785,0.023724571,0.214362053,0.055977381,-0.209759727,0.948235603,0.118652344,0.761230469,1.192871094,104.4921875,-23.19335938,64.81933594,48.09265137,-6.553344727,-122.4371338,0.031024432,0.249000163,0.295460893,0.087627912,0.512230305,0.897410201,-0.034667969,-0.192871094,0.936035156,21.36230469,-6.042480469,1.892089844,-7.311401367,4.724121094,-82.89733887,-0.02697232,-0.095866724,-0.019696613,-0.007695649,-0.097004369,0.955731769
0.147949219,-0.10546875,0.725097656,-50.04882813,19.34814453,-42.29736328,-22.21984863,0.373535156,-100.6018066,0.07357747,0.083432782,-0.178510357,0.074371748,-0.188901532,0.903608014,0.189941406,0.497070313,0.390625,-180.4199219,35.70556641,-2.685546875,45.93383789,-7.289428711,-126.99646,0.081850795,-0.012127994,-0.405428161,0.108090611,0.509198307,0.796053161,-0.100585938,0.061523438,0.719726563,-215.1489258,96.92382813,18.92089844,20.08300781,-9.651489258,-84.62768555,-0.074312231,0.126822246,-0.188804166,-0.026273707,-0.065298808,0.908530728
0.221679688,-0.150878906,0.662597656,-27.52685547,8.361816406,-45.16601563,-23.62609863,-0.318603516,-102.2332764,0.117846351,0.0304181,-0.192808286,0.103833336,-0.181297007,0.855405942,0.292480469,0.512207031,0.481933594,-212.9516602,41.44287109,17.76123047,36.03515625,-6.437988281,-126.2878418,0.147511886,0.00240698,-0.251295654,0.144968582,0.509800052,0.733229247,0.305175781,0.386230469,0.724609375,-154.9682617,131.8359375,27.83203125,10.96984863,-4.251708984,-82.28759766,0.26515959,0.361223421,-0.147137082,0.040016191,0.025007047,0.871746457
-0.051269531,-0.240234375,0.604980469,48.03466797,-23.49853516,11.84082031,-21.40136719,-1.549072266,-102.3266602,-0.124082294,-0.047149895,-0.200340379,0.072812763,-0.19308448,0.805320847,0.099609375,0.5625,0.677734375,-221.7407227,58.95996094,0.610351563,25.31799316,-4.932861328,-123.9422607,-0.036287366,0.042159959,-0.044395898,0.135896741,0.520340041,0.722130273,-0.033203125,0.562988281,0.709472656,-93.32275391,90.39306641,17.76123047,5.740356445,0.769042969,-79.97497559,-0.058575453,0.430384987,-0.129819041,0.025372328,0.132603294,0.839291697
0.0625,-0.1484375,0.702636719,43.76220703,-43.64013672,-40.95458984,-18.98986816,-3.603515625,-102.4090576,-0.00825021,0.035717584,-0.082147303,0.07075021,-0.184155084,0.784784022,0.033691406,0.464355469,0.913085938,-151.6723633,23.31542969,-10.00976563,6.421508789,0.087890625,-120.4046631,-0.081764268,-0.044787658,0.152764532,0.115455674,0.509143127,0.760321406,0.275390625,0.928222656,1.514648438,-33.26416016,123.3520508,-92.95654297,3.955078125,13.51867676,-82.91931152,0.200014638,0.63649549,0.540285392,0.075375987,0.291727167,0.974363045
0.077148438,-0.298339844,0.876464844,60.36376953,-22.33886719,-6.34765625,-16.13342285,-5.531616211,-102.8265381,0.005118582,-0.091347808,0.073344658,0.072029856,-0.206992036,0.803120186,0.020996094,0.185058594,0.840820313,-105.6518555,13.79394531,-13.24462891,0.450439453,1.175537109,-119.8718262,-0.075567664,-0.259267626,0.064399125,0.096563758,0.44432622,0.776421187,0.275390625,0.928222656,1.514648438,-33.26416016,123.3520508,-92.95654297,3.955078125,13.51867676,-82.91931152,0.16001171,0.509196392,0.432228314,0.115378915,0.419026264,1.082420124
-0.028808594,-0.520507813,0.8828125,30.15136719,-9.27734375,-15.13671875,-13.86474609,-6.097412109,-103.4088135,-0.08067076,-0.250812621,0.063753851,0.051862166,-0.269695191,0.819058649,0.020996094,0.185058594,0.840820313,-105.6518555,13.79394531,-13.24462891,0.450439453,1.175537109,-119.8718262,-0.060454131,-0.207414101,0.0515193,0.081450225,0.392472695,0.789301012,0.6171875,0.615234375,1.046875,-81.78710938,-5.493164063,-5.126953125,1.279907227,15.14465332,-84.19921875,0.401446868,0.156966488,-0.028436099,0.215740632,0.458267887,1.075311099
0.067382813,-0.324707031,0.876464844,11.53564453,-11.29150391,-16.72363281,-13.39233398,-6.630249023,-104.4854736,0.012416517,-0.044009472,0.045924956,0.054966295,-0.280697559,0.830539888,0.077148438,-0.167480469,0.841308594,6.896972656,14.40429688,45.41015625,-3.31237793,2.905883789,-117.454834,-0.00344143,-0.447962531,0.041606065,0.080589868,0.280482062,0.799702528,0.341308594,0.445800781,0.842285156,-85.87646484,-5.859375,83.37402344,-1.356811523,13.55712891,-80.36499023,0.10045437,-0.009973684,-0.186420754,0.240854224,0.455774466,1.02870591
0.224609375,-0.541992188,1.099609375,34.91210938,6.713867188,-9.582519531,-12.47497559,-6.646728516,-105.3039551,0.135714464,-0.209035703,0.21525559,0.088894911,-0.332956485,0.884353785,-0.030761719,-0.103515625,1.037109375,46.69189453,-0.305175781,-18.79882813,-2.098388672,3.240966797,-116.9219971,-0.089081269,-0.30719815,0.189925477,0.05831955,0.203682525,0.847183898,-1.122070313,0.281738281,1.193847656,119.9951172,-44.37255859,-44.18945313,4.24621582,14.63928223,-76.32202148,-1.090339629,-0.139228947,0.132113397,-0.031730683,0.420967229,1.06173426
0.1875,-0.430175781,0.996582031,27.40478516,-2.990722656,4.028320313,-11.32141113,-6.674194336,-106.0070801,0.078884071,-0.077775437,0.089782597,0.108615929,-0.352400344,0.906799434,-0.030761719,-0.103515625,1.037109375,46.69189453,-0.305175781,-18.79882813,-2.098388672,3.240966797,-116.9219971,-0.071265015,-0.24575852,0.151940382,0.040503297,0.142242895,0.885168993,-1.122070313,0.281738281,1.193847656,119.9951172,-44.37255859,-44.18945313,4.24621582,14.63928223,-76.32202148,-0.872271703,-0.111383158,0.105690717,-0.249798609,0.393121439,1.088156939
0.135253906,-0.104003906,1.526367188,11.47460938,4.760742188,-37.71972656,-9.761352539,-7.146606445,-108.1054688,0.021310382,0.19871715,0.495654202,0.113943524,-0.302721057,1.030712985,-0.376953125,-0.192871094,1.508789063,55.96923828,16.90673828,-92.52929688,4.94934082,3.262939453,-122.310791,-0.333965137,-0.268091191,0.498896055,-0.042987988,0.075220097,1.009893007,-0.096679688,-0.323242188,0.904785156,-147.8271484,13.91601563,-8.728027344,-6.795043945,9.766845703,-80.67260742,0.122495137,-0.573090901,-0.146697426,-0.219174825,0.249848714,1.051482582
-0.339355469,-0.693847656,1.920410156,6.225585938,14.89257813,-73.36425781,-8.800048828,-7.119140625,-111.9946289,-0.362639194,-0.31290128,0.711757737,0.023283726,-0.380946377,1.208652419,-0.151367188,0.092773438,1.500976563,94.11621094,-17.88330078,-55.96923828,8.338623047,3.54309082,-126.0900879,-0.08670336,0.014042672,0.392866844,-0.064663828,0.078730765,1.108109718,-0.08984375,-0.163574219,0.996582031,22.39990234,-12.81738281,1.708984375,-7.915649414,8.657226563,-80.21118164,0.10346486,-0.330738346,-0.043920441,-0.19330861,0.167164127,1.040502472
-0.339355469,-0.693847656,1.920410156,6.225585938,14.89257813,-73.36425781,-8.800048828,-7.119140625,-111.9946289,-0.290111356,-0.250321024,0.56940619,-0.049244113,-0.443526633,1.351003967,-0.151367188,0.092773438,1.500976563,94.11621094,-17.88330078,-55.96923828,8.338623047,3.54309082,-126.0900879,-0.069362688,0.011234138,0.314293475,-0.0820045,0.0815393,1.186683087,-0.08984375,-0.163574219,0.996582031,22.39990234,-12.81738281,1.708984375,-7.915649414,8.657226563,-80.21118164,0.082771888,-0.264590677,-0.035136353,-0.172615638,0.101016458,1.031718384
0.042480469,-0.112792969,1.228027344,47.11914063,-4.455566406,54.6875,-8.432006836,-6.218261719,-111.3684082,0.073379666,0.264586931,-0.098381298,-0.030899197,-0.3773799,1.326408642,0.111816406,0.626464844,0.968261719,44.67773438,0.244140625,34.72900391,12.39257813,4.174804688,-125.4418945,0.155056725,0.435940435,-0.174737095,-0.043240319,0.190524408,1.142998813,-0.004882813,-0.149902344,1.067382813,2.075195313,-5.981445313,0.122070313,-7.327880859,7.954101563,-79.82116699,0.13418626,-0.200735041,0.028531543,-0.139069073,0.050832698,1.03885127
0.031738281,-0.223632813,1.020507813,12.81738281,-2.075195313,-29.47998047,-6.860961914,-6.091918945,-111.6485596,0.050109982,0.12299767,-0.244720664,-0.018371701,-0.346630482,1.265228476,-0.032714844,0.274902344,0.880859375,32.59277344,-7.080078125,-19.16503906,15.39733887,4.01550293,-125.9637451,0.00842038,0.067502348,-0.209711551,-0.041135224,0.207399996,1.090570926,-0.022460938,-0.157714844,1.021972656,-0.366210938,-2.746582031,-0.427246094,-7.602539063,7.399291992,-79.44213867,0.093286508,-0.166838033,-0.013502891,-0.115747446,0.009123189,1.035475547
0.047363281,-0.3203125,0.872070313,15.25878906,-5.432128906,61.70654297,-6.932373047,-6.394042969,-112.164917,0.052587986,0.021054386,-0.314526531,-0.005224705,-0.341366886,1.186596843,0.060058594,0.15625,0.936035156,38.51318359,-7.751464844,-8.911132813,17.00683594,3.674926758,-127.2491455,0.080955054,-0.040919996,-0.123628616,-0.02089646,0.197169996,1.059663772,-0.013183594,-0.159179688,1.001953125,1.831054688,-0.427246094,-0.061035156,-7.750854492,6.959838867,-79.09606934,0.082051082,-0.134642302,-0.026817938,-0.095234675,-0.024537386,1.028771063
-0.217285156,-0.131347656,0.8671875,1.037597656,-1.159667969,34.60693359,-7.075195313,-5.927124023,-109.9511719,-0.169648361,0.168015384,-0.255527475,-0.047636795,-0.29936304,1.122714975,0.152832031,0.437988281,0.778808594,93.50585938,-10.55908203,30.33447266,26.86706543,1.488647461,-126.5625,0.138982793,0.192654628,-0.224684142,0.013849238,0.245333653,1.003492736,-0.045898438,-0.174804688,0.975097656,4.028320313,-0.9765625,-0.427246094,-7.695922852,6.789550781,-78.93676758,0.03946899,-0.120213841,-0.042938725,-0.085367428,-0.054590846,1.018036381
0.299316406,-0.103027344,0.763671875,-0.427246094,-16.17431641,64.20898438,-7.838745117,-6.30065918,-106.3366699,0.277562561,0.157068557,-0.28723448,0.021753845,-0.260095901,1.050906355,0.124511719,0.609375,0.727539063,112.3657227,-2.9296875,42.35839844,37.24914551,-1.988525391,-123.8763428,0.088529984,0.291233077,-0.220762939,0.035981734,0.318141923,0.948302001,-0.026367188,-0.17578125,0.96875,12.87841797,-6.652832031,-0.061035156,-6.954345703,6.020507813,-78.55773926,0.047200192,-0.096952323,-0.039429105,-0.07356738,-0.078828927,1.008179105
-0.086914063,-0.137695313,1.030761719,-2.9296875,-10.7421875,57.12890625,-7.981567383,-6.405029297,-102.8540039,-0.086934326,0.097920471,-0.016115709,2.03E-05,-0.235615783,1.046877428,-0.002441406,0.712890625,0.857910156,113.8916016,-9.216308594,58.04443359,42.7532959,-3.872680664,-122.1789551,-0.030738512,0.315798962,-0.072313476,0.028297106,0.397091663,0.930223632,-0.014648438,-0.155273438,0.9609375,16.05224609,-10.31494141,-0.305175781,-6.339111328,5.465698242,-78.38195801,0.047135154,-0.061155608,-0.037793284,-0.061783591,-0.094117829,0.998730784
-0.024414063,-0.153320313,1.065429688,-13.97705078,-14.46533203,50.29296875,-8.805541992,-6.306152344,-100.0909424,-0.019547461,0.065836376,0.014841808,-0.004866602,-0.219156689,1.05058788,-0.002441406,0.712890625,0.857910156,113.8916016,-9.216308594,58.04443359,42.7532959,-3.872680664,-122.1789551,-0.02459081,0.252639169,-0.057850781,0.022149404,0.460251456,0.915760937,-0.036621094,-0.187011719,0.883789063,55.90820313,-24.90234375,4.455566406,-4.603271484,4.509887695,-78.10180664,0.020129998,-0.074315112,-0.091953377,-0.056751092,-0.112696607,0.97574244
-0.199707031,-0.496582031,1.776367188,-44.31152344,8.422851563,42.72460938,-10.25024414,-6.031494141,-97.95410156,-0.155872344,-0.221940274,0.580623446,-0.043834687,-0.274641757,1.195743741,0.018066406,0.868164063,1.6953125,108.215332,-53.10058594,31.98242188,52.72888184,-9.876708984,-120.8660889,-0.003266398,0.326330086,0.62364125,0.021332804,0.541833977,1.07167125,-0.014648438,-0.087890625,0.641601563,248.840332,-123.9624023,-5.493164063,7.767333984,-1.488647461,-77.89855957,0.033682123,0.019844786,-0.267312702,-0.048330561,-0.107735411,0.908914264
0.098144531,-0.416992188,1.684570313,-77.27050781,44.43359375,-4.577636719,-13.60656738,-4.268188477,-97.75634766,0.113583375,-0.113880344,0.391061257,-0.015438844,-0.303111843,1.293509055,0.099609375,0.601074219,0.819824219,40.28320313,-51.20849609,-15.19775391,56.25549316,-11.09619141,-123.8543701,0.062621257,0.047392193,-0.201477625,0.036988118,0.553682025,1.021301844,-0.014648438,-0.087890625,0.641601563,248.840332,-123.9624023,-5.493164063,7.767333984,-1.488647461,-77.89855957,0.026945699,0.015875829,-0.213850161,-0.041594136,-0.103766454,0.855451724
0.265625,-0.144042969,1.295898438,-72.57080078,61.27929688,18.43261719,-17.38586426,-1.851196289,-97.66296387,0.224851075,0.1272551,0.001911506,0.040773925,-0.271298068,1.293986932,0.1640625,0.677246094,0.221191406,-27.16064453,-26.48925781,-33.69140625,56.85424805,-10.84350586,-126.0571289,0.101659505,0.098851255,-0.64008835,0.062402995,0.578394839,0.861279756,0.029785156,0.144042969,0.692871094,340.3320313,-194.0307617,-14.89257813,23.17016602,-9.162597656,-80.63964844,0.057103434,0.198247538,-0.130064504,-0.027318278,-0.054204569,0.822935598
0.265625,-0.144042969,1.295898438,-72.57080078,61.27929688,18.43261719,-17.38586426,-1.851196289,-97.66296387,0.17988086,0.10180408,0.001529205,0.08574414,-0.245847049,1.294369233,0.1640625,0.677246094,0.221191406,-27.16064453,-26.48925781,-33.69140625,56.85424805,-10.84350586,-126.0571289,0.081327604,0.079081004,-0.51207068,0.082734896,0.59816509,0.733262086,-0.716796875,-0.494628906,3.220214844,11.96289063,103.6376953,2.075195313,34.57397461,-12.1673584,-82.11181641,-0.551582878,-0.35233947,1.917823397,-0.165213997,-0.142289436,1.302391447
0.181640625,-0.1640625,0.813964844,-38.51318359,20.99609375,-16.35742188,-22.7746582,0.340576172,-98.82202148,0.076717188,0.065427639,-0.384323511,0.104923437,-0.229490139,1.198288355,0.180664063,0.499511719,0.293457031,-132.019043,32.71484375,-9.094238281,52.41577148,-9.937133789,-125.5187988,0.078343333,-0.078922697,-0.351844044,0.102320729,0.578434416,0.645301075,0.309570313,-0.240722656,0.567871094,-181.0913086,60.18066406,-33.93554688,26.77368164,-7.844238281,-81.65588379,0.379827448,-0.078746576,-0.587616283,-0.070257135,-0.16197608,1.155487376
0.09765625,-0.159667969,0.552734375,26.30615234,0.549316406,24.10888672,-23.68652344,-0.565795898,-99.03625488,-0.00581375,0.055857736,-0.516443184,0.10347,-0.215525705,1.069177559,0.186523438,0.666015625,0.586425781,-223.7548828,64.27001953,19.53125,23.56567383,-3.927612305,-120.5419922,0.067362167,0.070064967,-0.047100235,0.119161271,0.595950658,0.633526016,0.140625,0.278320313,0.733886719,-107.9101563,72.08251953,54.74853516,12.20581055,-2.894897461,-76.69006348,0.168705708,0.352237114,-0.337280526,-0.028080708,-0.073916802,1.071167245
0.074707031,-0.125976563,0.644042969,63.23242188,-41.13769531,-38.33007813,-18.66577148,-3.021240234,-98.26721191,-0.023010375,0.071639314,-0.340107672,0.097717406,-0.197615876,0.984150641,0.140625,0.492675781,0.8828125,-169.8608398,28.56445313,-31.37207031,5.191040039,0.697631836,-117.8833008,0.017170983,-0.082619901,0.199429187,0.123454017,0.575295682,0.683383313,0.02734375,0.860839844,1.456054688,-61.15722656,102.1728516,-82.64160156,7.020263672,8.541870117,-75.98693848,0.044339567,0.747805316,0.307909954,-0.016995817,0.113034527,1.148144733
-0.021484375,-0.581054688,0.895996094,42.41943359,-18.49365234,-31.55517578,-11.84326172,-6.30065918,-99.140625,-0.095361425,-0.306751049,-0.070523638,0.07387705,-0.274303639,0.966519732,0.162597656,-0.14453125,0.888671875,-35.33935547,31.67724609,41.56494141,-5.2734375,2.971801758,-116.7352295,0.031314912,-0.575861546,0.16423085,0.131282745,0.431330296,0.724441025,0.344238281,0.727539063,0.956054688,-86.36474609,-39.55078125,11.35253906,2.31262207,12.91992188,-77.38769531,0.288987278,0.491603628,-0.153672037,0.055251003,0.235935434,1.109726724
0.064941406,-0.615722656,1.05859375,28.80859375,-15.44189453,-43.70117188,-10.54138184,-7.190551758,-101.585083,-0.007148515,-0.273135214,0.073659215,0.072089921,-0.342587442,0.984934535,0.162597656,-0.14453125,0.888671875,-35.33935547,31.67724609,41.56494141,-5.2734375,2.971801758,-116.7352295,0.025051929,-0.460689237,0.13138468,0.137545727,0.316157987,0.757287195,-0.135742188,0.755371094,0.609863281,38.69628906,56.88476563,97.35107422,4.405517578,13.55163574,-71.97692871,-0.152794552,0.415548528,-0.399890754,0.017052365,0.339822566,1.009754036
0.00390625,-0.536621094,1.182128906,27.34375,3.540039063,0.9765625,-9.420776367,-7.294921875,-102.8759766,-0.054546937,-0.155226921,0.157755497,0.058453187,-0.381394172,1.024373409,-0.272949219,0.180175781,1.006347656,85.9375,-5.737304688,-46.81396484,-2.911376953,3.828735352,-115.1477051,-0.328395957,-0.108785764,0.199248369,0.055446738,0.288961546,0.807099288,0.701660156,0.037597656,1.231445313,-115.1123047,40.58837891,-46.38671875,-1.153564453,6.361083984,-77.04711914,0.547686233,-0.241779928,0.177353021,0.153973923,0.279377584,1.054092291
-0.055664063,-0.510742188,1.333007813,17.08984375,4.8828125,-14.16015625,-8.706665039,-6.597290039,-102.8210449,-0.091293799,-0.103478412,0.246907522,0.035629737,-0.407263775,1.08610029,0.146972656,-0.497558594,1.568847656,112.487793,-10.19287109,-37.78076172,2.175292969,2.938842773,-118.3062744,0.073220735,-0.629216111,0.609398695,0.073751921,0.131657518,0.959448961,-0.159179688,-0.451171875,0.491699219,-33.26416016,8.178710938,-5.798339844,-6.70715332,7.196044922,-78.55224609,-0.250522889,-0.584439567,-0.449914458,0.091343201,0.133267692,0.941613677
0.545410156,0.358398438,1.214355469,-35.09521484,2.197265625,-40.28320313,-9.063720703,-6.668701172,-103.7438965,0.407824335,0.61252977,0.102604143,0.137585821,-0.254131333,1.111751326,0.146972656,-0.497558594,1.568847656,112.487793,-10.19287109,-37.78076172,2.175292969,2.938842773,-118.3062744,0.058576588,-0.503372889,0.487518956,0.088396068,0.005814295,1.0813287,-0.159179688,-0.451171875,0.491699219,-33.26416016,8.178710938,-5.798339844,-6.70715332,7.196044922,-78.55224609,-0.200418311,-0.467551654,-0.359931566,0.041238623,0.016379779,0.851630785
0.254394531,0.04296875,0.965820313,-25.26855469,29.96826172,-26.06201172,-8.750610352,-6.751098633,-107.7648926,0.093446968,0.237680066,-0.116744811,0.160947563,-0.194711316,1.082565123,-0.136230469,0.51171875,1.213378906,80.87158203,-6.164550781,-23.55957031,9.34387207,3.004760742,-124.5355225,-0.17970123,0.404723564,0.105640165,0.043470761,0.106995186,1.107738741,-0.022949219,-0.196289063,1.0078125,4.821777344,-8.056640625,2.319335938,-6.564331055,6.608276367,-78.57421875,-0.051350274,-0.170135073,0.124945372,0.028401055,-0.026153989,0.882867128
0.399902344,0.261230469,0.955566406,-18.5546875,5.065917969,-4.821777344,-9.34387207,-6.525878906,-107.7923584,0.191163825,0.364753428,-0.101598974,0.208738519,-0.103522959,1.05716538,-0.023925781,0.316894531,1.045898438,49.19433594,-5.432128906,13.85498047,12.80456543,2.763061523,-123.9093018,-0.053917234,0.167919476,-0.049472243,0.029991453,0.148975055,1.095370681,-0.040039063,-0.158203125,1.026855469,0,-2.563476563,0.183105469,-6.47644043,6.251220703,-78.65112305,-0.054752094,-0.105639308,0.115190673,0.014713031,-0.052563817,0.911664796
0.399902344,0.261230469,0.955566406,-18.5546875,5.065917969,-4.821777344,-9.34387207,-6.525878906,-107.7923584,0.15293106,0.291802742,-0.081279179,0.246971284,-0.030572274,1.036845585,-0.023925781,0.316894531,1.045898438,49.19433594,-5.432128906,13.85498047,12.80456543,2.763061523,-123.9093018,-0.043133787,0.134335581,-0.039577795,0.019208006,0.182558951,1.085476232,-0.040039063,-0.158203125,1.026855469,0,-2.563476563,0.183105469,-6.47644043,6.251220703,-78.65112305,-0.043801675,-0.084511447,0.092152538,0.003762613,-0.073691678,0.934702931
-0.072753906,-0.106933594,1.077636719,16.6015625,-10.43701172,4.577636719,-7.503662109,-6.174316406,-103.9691162,-0.255780152,-0.061089056,0.032632907,0.183026246,-0.045844538,1.045003812,-0.045410156,0.201660156,0.934082031,32.89794922,-7.751464844,-5.981445313,16.77612305,1.647949219,-123.2940674,-0.05169453,0.015280965,-0.121115361,0.006284373,0.186379192,1.055197392,-0.044433594,-0.180175781,0.9765625,-3.90625,-0.671386719,-0.305175781,-6.965332031,5.866699219,-78.93127441,-0.038556965,-0.085187282,0.033487655,-0.005876629,-0.094988499,0.943074845
0.118164063,-0.262207031,0.864746094,3.784179688,-2.990722656,-8.605957031,-6.773071289,-6.943359375,-106.0180664,-0.051889747,-0.173089995,-0.144206174,0.170053809,-0.089117036,1.008952268,0.052734375,0.195800781,0.880859375,63.17138672,-13.00048828,23.86474609,20.74768066,0.626220703,-124.5684814,0.037160001,0.007537272,-0.139470414,0.015574374,0.18826351,1.020329789,-0.041992188,-0.182128906,0.981445313,4.638671875,-4.211425781,0.244140625,-7.185058594,5.443725586,-79.18945313,-0.028892447,-0.069712326,0.030696374,-0.01309974,-0.11241658,0.950748938
0.015136719,-0.192871094,0.786132813,-2.990722656,-9.582519531,32.59277344,-7.520141602,-6.954345703,-104.1943359,-0.123933672,-0.083003246,-0.178255565,0.139070391,-0.109867848,0.964388377,0.205078125,0.368164063,0.77734375,106.7504883,-20.56884766,45.47119141,28.52050781,-1.856689453,-123.3435059,0.151603001,0.143920442,-0.194388831,0.053475124,0.22424362,0.971732581,-0.038574219,-0.178710938,0.979980469,2.9296875,-1.892089844,0.061035156,-7.075195313,5.004272461,-79.39819336,-0.020379583,-0.053035486,0.023385224,-0.018194636,-0.125675452,0.956595244
0.206542969,-0.099609375,0.730957031,-6.652832031,0.610351563,47.42431641,-8.679199219,-6.50390625,-100.8544922,0.053978062,0.008206778,-0.186745077,0.152564907,-0.107816153,0.917702108,0.173339844,0.590820313,0.829101563,120.3613281,-18.5546875,56.33544922,39.83642578,-6.432495117,-121.2011719,0.095891776,0.293261354,-0.114104815,0.077448068,0.297558959,0.943206377,-0.005859375,-0.146484375,1.024414063,14.03808594,-9.582519531,0.793457031,-6.553344727,4.42199707,-79.56298828,0.009868209,-0.016647139,0.054255055,-0.015727584,-0.129837236,0.970159008
-0.305175781,-0.073242188,1.210449219,-21.30126953,-19.34814453,21.72851563,-10.17333984,-6.635742188,-96.52038574,-0.36619255,0.027659173,0.234197689,0.061016769,-0.10090136,0.97625153,0.14453125,0.85546875,0.799316406,123.4130859,-22.21679688,55.23681641,45.69213867,-9.124145508,-119.96521,0.053666546,0.446327833,-0.115111977,0.090864704,0.409140917,0.914428383,-0.035644531,-0.227050781,0.912597656,53.34472656,-16.41845703,6.774902344,-3.861694336,3.114624023,-79.54650879,-0.015933558,-0.077770836,-0.046049081,-0.019710973,-0.149279945,0.958646738
0.112792969,-0.407714844,1.739257813,-56.27441406,49.13330078,-7.019042969,-12.12341309,-5.130615234,-96.50939941,0.04142096,-0.245450787,0.610405026,0.071372009,-0.162264057,1.128852787,0.260742188,0.721679688,1.280761719,73.48632813,-87.34130859,5.737304688,55.96435547,-15.23803711,-123.9422607,0.135901987,0.250031016,0.293066669,0.124840201,0.471648671,0.98769505,-0.039550781,-0.08984375,0.885253906,185.7299805,-96.06933594,0.671386719,2.482910156,0.439453125,-79.73876953,-0.015871846,0.047548956,-0.058714265,-0.023678935,-0.137392706,0.943968171
0.366699219,-0.161621094,1.15625,-58.34960938,50.17089844,-4.943847656,-18.27575684,-0.225219727,-98.81103516,0.236261768,0.00051437,0.021917771,0.130437451,-0.162135464,1.134332229,0.260742188,0.721679688,1.280761719,73.48632813,-87.34130859,5.737304688,55.96435547,-15.23803711,-123.9422607,0.108721589,0.200024813,0.234453335,0.152020598,0.521654874,1.046308384,-0.024902344,0.021484375,0.655273438,295.2880859,-171.2646484,-12.45117188,14.61730957,-6.157836914,-81.38671875,-0.000978727,0.127101665,-0.230955787,-0.023923617,-0.10561729,0.886229225
0.351074219,-0.188476563,0.849121094,-58.34960938,22.76611328,-30.39550781,-20.90698242,0.593261719,-100.2172852,0.176509414,-0.021072879,-0.228168908,0.174564805,-0.167403684,1.077290002,0.620605469,0.666015625,0.096191406,-94.48242188,13.97705078,-51.33056641,56.29943848,-11.91467285,-131.3580322,0.374867896,0.115488601,-0.760093582,0.245737572,0.550527024,0.856284988,0.258789063,-1.044433594,1.814941406,277.7099609,-220.0927734,-9.338378906,31.20117188,-15.03479004,-87.42919922,0.226170143,-0.751053043,0.742969745,0.032618919,-0.293380551,1.071971661
0.266113281,-0.206054688,0.764160156,-35.46142578,12.08496094,-1.708984375,-23.03283691,0.368041992,-101.217041,0.073238781,-0.030920803,-0.250503877,0.1928745,-0.175133885,1.014664033,0.620605469,0.666015625,0.096191406,-94.48242188,13.97705078,-51.33056641,56.29943848,-11.91467285,-131.3580322,0.299894317,0.09239088,-0.608074866,0.320711152,0.573624745,0.704266272,-0.28515625,-0.624511719,1.528320313,-129.2114258,96.55761719,62.5,30.25634766,-15.46325684,-85.72631836,-0.254220135,-0.264904934,0.365078921,-0.030936115,-0.359606784,1.163241391
0.266113281,-0.206054688,0.764160156,-35.46142578,12.08496094,-1.708984375,-23.03283691,0.368041992,-101.217041,0.058591025,-0.024736642,-0.200403101,0.207522256,-0.181318045,0.964563258,0.189453125,0.365234375,0.439941406,-162.4145508,45.8984375,18.98193359,49.22973633,-11.94763184,-130.2923584,-0.105006421,-0.166712296,-0.211459893,0.294459546,0.531946671,0.651401299,0.020019531,-0.006835938,0.285644531,-120.300293,88.62304688,15.80810547,20.64331055,-11.21704102,-82.63916016,0.040764517,0.282216677,-0.702077488,-0.020744985,-0.289052615,0.987722019
0.136230469,-0.111328125,0.608886719,-12.39013672,-4.577636719,-25.51269531,-23.56018066,0.115356445,-101.5905762,-0.05703343,0.055991936,-0.284541231,0.193263899,-0.167320061,0.89342795,0.212890625,0.483886719,0.485839844,-199.8291016,56.15234375,1.892089844,39.42443848,-10.4864502,-128.5675049,-0.065255137,-0.038447962,-0.132449164,0.278145762,0.52233468,0.618289008,0.030273438,0.118164063,0.753417969,-81.42089844,95.88623047,13.18359375,15.22155762,-6.635742188,-80.83190918,0.040814738,0.325773342,-0.18744324,-0.010541301,-0.207609279,0.940861209
-0.029296875,-0.151367188,0.583984375,51.45263672,-36.49902344,-29.84619141,-20.35766602,-2.499389648,-101.2664795,-0.178048619,0.012762299,-0.24755486,0.148751744,-0.164129486,0.831539235,0.212890625,0.483886719,0.485839844,-199.8291016,56.15234375,1.892089844,39.42443848,-10.4864502,-128.5675049,-0.05220411,-0.030758369,-0.105959331,0.265094735,0.514645088,0.591799175,0.079101563,0.827636719,1.181152344,-67.07763672,128.7231445,-64.02587891,7.877197266,3.982543945,-81.95251465,0.071714291,0.828196799,0.192232908,0.007387272,-0.00056008,0.988919436
0.091796875,-0.520507813,0.840820313,55.29785156,-18.31054688,7.751464844,-14.88098145,-6.838989258,-103.2385254,-0.045563895,-0.285102661,0.007424862,0.13736077,-0.235405152,0.83339545,0.06640625,0.309082031,0.885253906,-125.9155273,18.18847656,13.73291016,2.587280273,-2.059936523,-128.2159424,-0.158950788,-0.164450445,0.234763785,0.225357038,0.473532477,0.650490121,0.579589844,0.894042969,0.978027344,-49.92675781,31.61621094,30.63964844,4.290161133,9.81628418,-84.12231445,0.457762058,0.715682439,-0.008713674,0.121827786,0.17836053,0.986741018
0.014160156,-0.422851563,1.015136719,48.15673828,-7.507324219,0.9765625,-10.47546387,-7.888183594,-103.2330322,-0.098560491,-0.149957129,0.145393015,0.112720647,-0.272894434,0.869743704,0.048828125,0.028808594,0.838378906,12.51220703,23.68164063,63.84277344,-1.043701172,0.505371094,-123.414917,-0.14122313,-0.355779106,0.150311028,0.190051255,0.3845877,0.688067878,-0.291015625,0.860351563,0.236328125,112.9760742,40.28320313,26.55029297,11.10168457,12.15087891,-76.83288574,-0.330274729,0.545592826,-0.600330314,0.039259104,0.314758736,0.836658439
0.254394531,0.061035156,1.697265625,-20.5078125,41.07666016,-89.41650391,-7.388305664,-7.888183594,-109.4348145,0.113339107,0.267143672,0.662017537,0.141055424,-0.206108516,1.035248088,-0.416503906,-0.799316406,1.689453125,80.38330078,-12.14599609,-171.6918945,5.888671875,1.779785156,-126.9030762,-0.485244129,-0.947123285,0.801108197,0.068740223,0.147806879,0.888344928,-0.291015625,0.860351563,0.236328125,112.9760742,40.28320313,26.55029297,11.10168457,12.15087891,-76.83288574,-0.264219783,0.436474261,-0.480264251,-0.026795842,0.423877302,0.716592376
0.254394531,0.061035156,1.697265625,-20.5078125,41.07666016,-89.41650391,-7.388305664,-7.888183594,-109.4348145,0.090671286,0.213714938,0.529614029,0.163723246,-0.152679781,1.167651596,0.078613281,0.160644531,1.291503906,97.10693359,-9.460449219,-83.67919922,9.547119141,1.73034668,-134.3847656,0.007898447,0.010270122,0.322527183,0.070714835,0.150374409,0.968976723,-0.045410156,-0.260742188,0.912597656,7.8125,-4.638671875,0.793457031,-9.750366211,5.24597168,-81.76025391,-0.014891452,-0.547695591,0.156804224,-0.030518705,0.286953404,0.755793432
0.132324219,0.5390625,0.903320313,-4.089355469,12.87841797,18.37158203,-8.997802734,-7.185058594,-115.0543213,-0.025119221,0.553393825,-0.211465026,0.15744344,-0.014331325,1.114785339,-0.111328125,0.71484375,1.118652344,79.95605469,-9.338378906,-7.995605469,14.11193848,1.571044922,-136.0217285,-0.145634368,0.451575473,0.119740496,0.034306243,0.263268277,0.998911847,-0.045410156,-0.260742188,0.912597656,7.8125,-4.638671875,0.793457031,-9.750366211,5.24597168,-81.76025391,-0.011913161,-0.438156473,0.125443379,-0.033496995,0.177414286,0.787154277
0.236816406,0.017089844,1.147949219,27.03857422,-8.239746094,7.690429688,-7.619018555,-6.767578125,-113.4503174,0.063498373,0.025136935,0.026531104,0.173318033,-0.008047091,1.121418115,-0.111328125,0.71484375,1.118652344,79.95605469,-9.338378906,-7.995605469,14.11193848,1.571044922,-136.0217285,-0.116507494,0.361260378,0.095792397,0.005179369,0.353583372,1.022859947,-0.038085938,-0.146972656,1.0234375,4.638671875,-2.746582031,-0.48828125,-9.327392578,4.965820313,-82.1282959,-0.003671154,-0.259509553,0.189026578,-0.034414784,0.112536897,0.834410922
0.236816406,0.017089844,1.147949219,27.03857422,-8.239746094,7.690429688,-7.619018555,-6.767578125,-113.4503174,0.050798698,0.020109548,0.021224883,0.186017708,-0.003019704,1.126724336,0.091796875,0.317871094,0.990722656,12.75634766,-0.122070313,11.47460938,18.00109863,0.780029297,-136.8237305,0.069294005,-0.028569823,-0.025709832,0.02250287,0.346440916,1.016432489,-0.029785156,-0.174316406,0.986816406,-5.187988281,1.586914063,-0.610351563,-9.420776367,4.828491211,-82.55126953,0.003703702,-0.229482643,0.121924388,-0.033488858,0.055166236,0.864892019
0.198242188,-0.12890625,0.975585938,34.79003906,-18.43261719,4.577636719,-5.982055664,-7.822265625,-113.7414551,0.009779584,-0.100709237,-0.120910719,0.188462604,-0.028197013,1.096496656,-0.063964844,0.1328125,0.90625,19.10400391,-1.46484375,17.94433594,18.50097656,0.521850586,-136.439209,-0.069174171,-0.170902733,-0.088145991,0.005209327,0.303715233,0.994395991,-0.042480469,-0.184570313,0.975097656,-1.892089844,0.610351563,-0.48828125,-9.827270508,4.833984375,-83.37524414,-0.007193289,-0.191789239,0.08816451,-0.03528718,0.007218927,0.886933146
0.010742188,-0.233398438,0.9375,29.35791016,-13.42773438,20.99609375,-4.636230469,-8.508911133,-113.1536865,-0.142176333,-0.164161139,-0.127197325,0.152918521,-0.069237298,1.064697325,-0.063964844,0.1328125,0.90625,19.10400391,-1.46484375,17.94433594,18.50097656,0.521850586,-136.439209,-0.055339337,-0.136722186,-0.070516793,-0.008625507,0.269534686,0.976766793,-0.042480469,-0.184570313,0.975097656,-1.892089844,0.610351563,-0.48828125,-9.827270508,4.833984375,-83.37524414,-0.005754631,-0.153431391,0.070531608,-0.036725838,-0.031138921,0.904566048
0.010742188,-0.233398438,0.9375,29.35791016,-13.42773438,20.99609375,-4.636230469,-8.508911133,-113.1536865,-0.113741066,-0.131328911,-0.10175786,0.124483254,-0.102069526,1.03925786,-0.063964844,0.1328125,0.90625,19.10400391,-1.46484375,17.94433594,18.50097656,0.521850586,-136.439209,-0.04427147,-0.109377749,-0.056413434,-0.019693374,0.242190249,0.962663434,-0.042480469,-0.184570313,0.975097656,-1.892089844,0.610351563,-0.48828125,-9.827270508,4.833984375,-83.37524414,-0.004603705,-0.122745113,0.056425286,-0.037876764,-0.061825199,0.91867237
0.052734375,-0.304199219,0.918457031,8.728027344,-9.155273438,21.85058594,-4.125366211,-8.574829102,-112.0880127,-0.057399103,-0.161703754,-0.096640663,0.110133478,-0.142495465,1.015097694,0.067871094,0.126464844,0.869628906,63.59863281,-5.981445313,35.88867188,21.90124512,-0.725097656,-135.4559326,0.070051574,-0.092580324,-0.074427622,-0.002180481,0.219045168,0.944056529,-0.037109375,-0.177246094,0.986328125,2.319335938,-0.48828125,0.305175781,-9.821777344,4.762573242,-83.74328613,0.000613911,-0.092336715,0.054124604,-0.037723286,-0.084909378,0.932203521
0.230957031,-0.016601563,0.687988281,-3.41796875,-22.03369141,76.59912109,-6.031494141,-10.22277832,-106.0839844,0.096658842,0.100715122,-0.26168753,0.134298189,-0.117316684,0.949675812,0.16796875,0.415527344,0.69921875,124.4506836,-4.638671875,89.29443359,30.51452637,-4.158325195,-131.5722656,0.136119384,0.157185741,-0.195870223,0.031849366,0.258341603,0.895088973,-0.040527344,-0.1953125,0.965820313,5.004882813,0.793457031,0.732421875,-9.832763672,4.707641602,-84.4354248,-0.002243246,-0.088322497,0.026893433,-0.038284098,-0.106990003,0.938926879
0.096679688,0.018554688,0.883789063,-17.578125,-24.23095703,16.17431641,-6.547851563,-10.76660156,-103.0737305,-0.030094801,0.108697097,-0.052709399,0.126774489,-0.09014241,0.936498462,0.00390625,0.457519531,0.81640625,122.0703125,-15.74707031,77.94189453,36.35375977,-6.822509766,-128.6224365,-0.022354492,0.159342342,-0.062946178,0.026260742,0.298177189,0.879352428,-0.040039063,-0.161132813,0.999023438,5.798339844,-1.708984375,0.366210938,-9.387817383,4.59777832,-85.03967285,-0.001403972,-0.043314248,0.048077247,-0.038635091,-0.117818565,0.950946191
-0.135253906,-0.208984375,1.040039063,-13.79394531,-17.63916016,57.43408203,-8.26171875,-11.74987793,-98.23425293,-0.209622716,-0.095073572,0.082832481,0.07436881,-0.113910803,0.957206582,0.120605469,0.684082031,1.138183594,127.2583008,-38.39111328,68.42041016,47.96630859,-12.54638672,-126.2164307,0.075475781,0.308723874,0.207064932,0.045129688,0.375358157,0.931118661,-0.225097656,-0.340820313,0.999511719,59.38720703,-15.19775391,-8.605957031,-7.58605957,4.240722656,-85.94604492,-0.149170052,-0.178401398,0.038852422,-0.075927604,-0.162418914,0.960659296
0.265136719,0.067382813,1.570800781,-44.98291016,42.78564453,-30.39550781,-13.07922363,-8.415527344,-97.60803223,0.152614327,0.145034892,0.490875359,0.112522391,-0.07765208,1.079925422,0.062988281,1.138671875,0.623046875,34.36279297,-80.81054688,-12.02392578,58.7109375,-17.67150879,-131.451416,0.014286875,0.610650974,-0.246457429,0.048701406,0.528020901,0.869504304,-0.086914063,-0.339355469,0.915527344,171.9360352,-78.91845703,-22.70507813,-2.241210938,3.147583008,-87.14355469,-0.008789167,-0.141549244,-0.036105562,-0.078124896,-0.197806225,0.951632906
0.733398438,-0.344238281,1.075195313,-54.13818359,39.61181641,-17.88330078,-15.4083252,-6.630249023,-99.81079102,0.496700837,-0.213268961,-0.003784087,0.236697601,-0.13096932,1.0789794,0.311035156,0.562011719,0.235351563,-7.873535156,-31.61621094,-50.41503906,60.47973633,-17.42431641,-135.3076172,0.209867,0.027192654,-0.507322193,0.101168156,0.534819064,0.742673756,-0.048828125,-0.044921875,0.85546875,298.7060547,-178.7109375,46.14257813,9.481201172,-3.257446289,-86.78649902,0.023437416,0.12230748,-0.076931325,-0.072265541,-0.167229355,0.932400075
0.557617188,-0.198730469,0.755371094,-35.40039063,27.40478516,17.45605469,-17.74291992,-5.850219727,-100.9698486,0.256735669,-0.054208919,-0.258886645,0.300881518,-0.14452155,1.014257739,0.311035156,0.562011719,0.235351563,-7.873535156,-31.61621094,-50.41503906,60.47973633,-17.42431641,-135.3076172,0.1678936,0.021754123,-0.405857755,0.143141556,0.540257595,0.641209317,-0.565917969,-0.307128906,2.140136719,-86.85302734,49.07226563,73.2421875,27.91625977,-20.90148926,-87.13256836,-0.394921942,-0.111919641,0.966189315,-0.170996027,-0.195209265,1.173947404
0.256347656,-0.134277344,0.934570313,-37.109375,12.02392578,-19.16503906,-19.26452637,-5.712890625,-101.2060547,-0.035627089,0.008195365,-0.063749941,0.291974746,-0.142472709,0.998320253,0.506835938,0.566894531,0.052734375,-80.078125,48.64501953,23.86474609,58.4362793,-17.05627441,-136.1096191,0.290955505,0.021309549,-0.470779954,0.215880433,0.545584982,0.523514329,-0.565917969,-0.307128906,2.140136719,-86.85302734,49.07226563,73.2421875,27.91625977,-20.90148926,-87.13256836,-0.315937553,-0.089535713,0.772951452,-0.249980415,-0.217593193,1.367185267
0.218261719,-0.079589844,0.777832031,-29.54101563,5.065917969,-22.09472656,-20.37414551,-5.954589844,-102.2058105,-0.058970422,0.050306292,-0.176390578,0.27723214,-0.129896136,0.954222609,0.344238281,0.631835938,0.36328125,-163.1469727,72.02148438,-36.25488281,45.08789063,-14.46350098,-131.6326904,0.102686279,0.069000764,-0.128186463,0.241552002,0.562835173,0.491467713,0.123046875,-0.02734375,0.280761719,-81.42089844,113.8916016,3.112792969,18.16589355,-16.07849121,-83.54553223,0.298421832,0.152199555,-0.869138838,-0.175374957,-0.179543305,1.149900557
0.121582031,-0.093261719,0.713378906,27.89306641,-6.408691406,-3.784179688,-19.97314453,-6.712646484,-102.2827148,-0.124520087,0.029307534,-0.192674962,0.246102118,-0.122569252,0.906053868,0.370117188,0.731933594,0.441894531,-184.0820313,58.71582031,-22.4609375,36.7767334,-11.24450684,-130.847168,0.102852148,0.135278736,-0.039658545,0.267265039,0.596654858,0.481553077,0.088378906,0.318359375,1.2109375,-129.9438477,152.2216797,-48.03466797,7.185058594,-2.241210938,-82.47436523,0.211003091,0.398322144,0.048829554,-0.122624185,-0.079962769,1.162107946
0.121582031,-0.093261719,0.713378906,27.89306641,-6.408691406,-3.784179688,-19.97314453,-6.712646484,-102.2827148,-0.09961607,0.023446027,-0.15413997,0.221198101,-0.116707746,0.867518876,0.370117188,0.731933594,0.441894531,-184.0820313,58.71582031,-22.4609375,36.7767334,-11.24450684,-130.847168,0.082281719,0.108222989,-0.031726836,0.287835469,0.623710605,0.473621368,0.088378906,0.318359375,1.2109375,-129.9438477,152.2216797,-48.03466797,7.185058594,-2.241210938,-82.47436523,0.168802473,0.318657715,0.039063644,-0.080423566,-0.00029834,1.171873856
0.25390625,0.048339844,0.830078125,44.55566406,-45.47119141,-109.9243164,-14.0625,-10.80505371,-105.8203125,0.026166519,0.132038071,-0.029952601,0.227739731,-0.083698228,0.860030726,0.270507813,0.820800781,0.804199219,-186.0961914,26.42822266,-59.20410156,18.81958008,-6.849975586,-130.9185791,-0.013862125,0.157672141,0.264462281,0.284369938,0.66312864,0.539736938,0.149902344,0.71875,1.573730469,-167.7246094,92.7734375,-83.984375,-6.998291016,8.063964844,-88.86291504,0.184260728,0.575238672,0.32148529,-0.034358384,0.143511328,1.252245179
0.65234375,-0.36328125,0.780273438,62.13378906,-3.601074219,-69.76318359,-5.932617188,-14.66125488,-114.6038818,0.339683215,-0.223666418,-0.063805831,0.312660535,-0.139614832,0.844079268,0.28125,0.208007813,0.929199219,-88.50097656,-7.8125,-138.4277344,6.465454102,-5.635986328,-139.4329834,-0.00249595,-0.364096662,0.311569825,0.28374595,0.572104475,0.617629394,0.07421875,0.87890625,0.884765625,-109.9853516,34.05761719,-118.1640625,-13.78234863,10.17333984,-93.69689941,0.086861707,0.588315938,-0.293983643,-0.012642957,0.290590312,1.178749268
0.252929688,0.62109375,0.495117188,-35.15625,-16.84570313,52.12402344,-3.416748047,-15.49621582,-116.5045166,-0.047784678,0.608566866,-0.279169665,0.300714365,0.012526884,0.774286852,-0.131347656,-0.077148438,1.055175781,-5.37109375,5.676269531,-11.71875,3.323364258,-4.312133789,-141.2182617,-0.332074885,-0.51940233,0.35003711,0.200727229,0.442253892,0.705138671,-0.013183594,-0.236328125,0.986328125,3.784179688,3.295898438,0.305175781,-12.33215332,6.723632813,-95.02075195,-0.000432509,-0.42153475,-0.153936915,-0.012751085,0.185206625,1.14026504
-0.120605469,-0.379882813,1.283691406,29.47998047,-17.15087891,-40.64941406,-2.598266602,-15.79833984,-115.5377197,-0.337055867,-0.313927757,0.407523643,0.216450398,-0.065955055,0.876167763,0.099609375,0.072753906,0.9609375,-4.943847656,8.361816406,-8.056640625,3.043212891,-3.993530273,-142.5970459,-0.080894283,-0.295599989,0.204639063,0.180503658,0.368353895,0.756298437,-0.064453125,-0.198730469,0.990234375,8.728027344,-4.516601563,1.403808594,-11.14562988,5.982055664,-94.44946289,-0.041361632,-0.307149675,-0.120024532,-0.023091493,0.108419206,1.110258907
